City,Total,Mining and extraction of stones and earth ,Manufacturing,Power Supply,Water Supply,Construction Industry,"Trade, maintance and repair motor vehicle",Traffic and warehousing,Hospitality,Information and communication,Provision of Finace and insurance service,Real estate and housing,"Freelance, science technology services",Other Economic services,Education and Teaching,Helth and social care,"Art, Entertainment and Recreation",Provision and other services,Year
"Koblenz, kreisfreie Stadt",6192.0,0.0,327.0,0.0,17.0,388.0,1311.0,272.0,506.0,266.0,176.0,601.0,829.0,304.0,172.0,471.0,170.0,359.0,2008
"Ahrweiler, Landkreis",6510.0,8.0,592.0,11.0,26.0,780.0,1282.0,200.0,675.0,207.0,118.0,576.0,682.0,288.0,163.0,365.0,185.0,352.0,2008
"Altenkirchen (Westerwald), Landkreis",5965.0,0.0,678.0,23.0,32.0,677.0,1377.0,183.0,394.0,157.0,108.0,566.0,549.0,252.0,165.0,321.0,128.0,355.0,2008
"Bad Kreuznach, Landkreis",7270.0,8.0,688.0,42.0,33.0,737.0,1579.0,233.0,610.0,209.0,157.0,555.0,796.0,311.0,226.0,475.0,187.0,424.0,2008
"Birkenfeld, Landkreis",4118.0,3.0,724.0,12.0,29.0,405.0,970.0,96.0,347.0,72.0,118.0,279.0,290.0,121.0,88.0,237.0,105.0,222.0,2008
"Cochem-Zell, Landkreis",3262.0,0.0,288.0,22.0,0.0,375.0,682.0,102.0,638.0,59.0,59.0,252.0,193.0,92.0,82.0,181.0,46.0,183.0,2008
"Mayen-Koblenz, Landkreis",9641.0,35.0,983.0,39.0,32.0,1102.0,2239.0,386.0,775.0,255.0,221.0,801.0,957.0,380.0,260.0,504.0,224.0,448.0,2008
"Neuwied, Landkreis",9029.0,11.0,908.0,17.0,34.0,1102.0,1988.0,278.0,642.0,275.0,184.0,833.0,1026.0,365.0,210.0,474.0,212.0,470.0,2008
Rhein-Hunsrück-Kreis,4967.0,0.0,458.0,32.0,23.0,633.0,1042.0,195.0,468.0,148.0,116.0,431.0,487.0,212.0,125.0,245.0,0.0,247.0,2008
Rhein-Lahn-Kreis,5614.0,6.0,527.0,27.0,23.0,608.0,1128.0,198.0,553.0,182.0,122.0,422.0,624.0,252.0,174.0,322.0,120.0,326.0,2008
Westerwaldkreis,10320.0,32.0,1220.0,63.0,39.0,1240.0,2226.0,342.0,657.0,311.0,195.0,1001.0,1090.0,434.0,290.0,484.0,187.0,509.0,2008
"Trier, kreisfreie Stadt",5428.0,0.0,358.0,0.0,20.0,311.0,1345.0,162.0,500.0,155.0,124.0,531.0,691.0,199.0,128.0,436.0,130.0,324.0,2008
"Bernkastel-Wittlich, Landkreis",5497.0,11.0,658.0,29.0,20.0,562.0,1225.0,165.0,790.0,89.0,116.0,440.0,412.0,183.0,114.0,297.0,103.0,283.0,2008
Eifelkreis Bitburg-Prüm,4368.0,8.0,455.0,103.0,25.0,454.0,975.0,162.0,511.0,74.0,120.0,389.0,306.0,124.0,111.0,197.0,112.0,242.0,2008
"Vulkaneifel, Landkreis",2937.0,18.0,289.0,20.0,18.0,330.0,662.0,110.0,313.0,69.0,58.0,258.0,268.0,92.0,71.0,149.0,68.0,144.0,2008
"Trier-Saarburg, Landkreis",5153.0,9.0,520.0,35.0,23.0,645.0,1089.0,179.0,561.0,87.0,142.0,433.0,465.0,164.0,140.0,275.0,106.0,280.0,2008
"Frankenthal (Pfalz), kreisfreie Stadt",2045.0,0.0,151.0,0.0,7.0,173.0,475.0,88.0,157.0,58.0,38.0,184.0,232.0,98.0,50.0,152.0,53.0,121.0,2008
"Kaiserslautern, kreisfreie Stadt",5004.0,0.0,279.0,13.0,0.0,327.0,1102.0,179.0,440.0,162.0,126.0,432.0,746.0,216.0,147.0,386.0,128.0,310.0,2008
"Landau in der Pfalz, kreisfreie Stadt",2633.0,0.0,173.0,0.0,14.0,186.0,632.0,49.0,196.0,83.0,59.0,295.0,355.0,107.0,72.0,190.0,69.0,143.0,2008
"Ludwigshafen am Rhein, kreisfreie Stadt",6138.0,4.0,355.0,12.0,18.0,691.0,1238.0,306.0,556.0,207.0,113.0,466.0,687.0,338.0,176.0,445.0,161.0,365.0,2008
"Mainz, kreisfreie Stadt",10680.0,5.0,523.0,85.0,22.0,608.0,1794.0,369.0,735.0,659.0,211.0,1144.0,1776.0,584.0,234.0,755.0,440.0,736.0,2008
"Neustadt an der Weinstraße, kreisfreie Stadt",3102.0,0.0,218.0,11.0,6.0,252.0,631.0,77.0,263.0,126.0,80.0,311.0,451.0,106.0,74.0,217.0,92.0,187.0,2008
"Pirmasens, kreisfreie Stadt",2360.0,0.0,233.0,0.0,10.0,174.0,679.0,53.0,189.0,58.0,58.0,179.0,246.0,78.0,40.0,165.0,0.0,147.0,2008
"Speyer, kreisfreie Stadt",2793.0,0.0,206.0,0.0,15.0,196.0,606.0,78.0,248.0,94.0,74.0,288.0,361.0,96.0,83.0,186.0,90.0,160.0,2008
"Worms, kreisfreie Stadt",3862.0,5.0,298.0,14.0,13.0,392.0,860.0,145.0,290.0,139.0,72.0,351.0,462.0,182.0,76.0,228.0,124.0,211.0,2008
"Zweibrücken, kreisfreie Stadt",1603.0,0.0,128.0,0.0,10.0,123.0,418.0,42.0,150.0,48.0,34.0,112.0,160.0,65.0,43.0,119.0,46.0,100.0,2008
"Alzey-Worms, Landkreis",5517.0,3.0,609.0,32.0,26.0,644.0,1178.0,190.0,388.0,204.0,115.0,424.0,626.0,285.0,167.0,244.0,114.0,268.0,2008
"Bad Dürkheim, Landkreis",6520.0,3.0,532.0,23.0,26.0,673.0,1348.0,195.0,698.0,191.0,149.0,633.0,761.0,307.0,177.0,338.0,148.0,318.0,2008
Donnersbergkreis,3066.0,3.0,330.0,46.0,17.0,346.0,634.0,148.0,274.0,78.0,64.0,189.0,319.0,135.0,101.0,188.0,57.0,137.0,2008
"Germersheim, Landkreis",5348.0,16.0,448.0,30.0,38.0,552.0,1222.0,199.0,447.0,156.0,123.0,431.0,540.0,228.0,194.0,280.0,141.0,303.0,2008
"Kaiserslautern, Landkreis",4265.0,0.0,347.0,31.0,0.0,578.0,983.0,138.0,437.0,104.0,75.0,298.0,365.0,179.0,132.0,252.0,67.0,242.0,2008
"Kusel, Landkreis",2522.0,5.0,230.0,13.0,15.0,305.0,604.0,88.0,272.0,43.0,49.0,145.0,215.0,83.0,91.0,170.0,46.0,148.0,2008
"Südliche Weinstraße, Landkreis",5318.0,0.0,564.0,42.0,0.0,559.0,1088.0,122.0,679.0,160.0,131.0,458.0,502.0,185.0,148.0,265.0,134.0,260.0,2008
Rhein-Pfalz-Kreis,6029.0,3.0,485.0,26.0,28.0,705.0,1370.0,312.0,423.0,208.0,117.0,482.0,653.0,272.0,154.0,305.0,143.0,343.0,2008
"Mainz-Bingen, Landkreis",9375.0,6.0,781.0,33.0,32.0,967.0,1722.0,285.0,726.0,466.0,205.0,810.0,1299.0,458.0,301.0,487.0,261.0,536.0,2008
"Südwestpfalz, Landkreis",3929.0,0.0,466.0,11.0,15.0,573.0,943.0,108.0,416.0,86.0,72.0,259.0,283.0,125.0,122.0,187.0,60.0,203.0,2008
"Koblenz, kreisfreie Stadt",6084.0,1.0,315.0,15.0,17.0,394.0,1239.0,256.0,497.0,244.0,177.0,589.0,840.0,322.0,168.0,474.0,165.0,371.0,2009
"Ahrweiler, Landkreis",6557.0,8.0,587.0,17.0,27.0,774.0,1279.0,210.0,680.0,194.0,116.0,590.0,694.0,318.0,168.0,356.0,185.0,354.0,2009
"Altenkirchen (Westerwald), Landkreis",5882.0,0.0,675.0,28.0,37.0,672.0,1333.0,169.0,378.0,143.0,115.0,564.0,553.0,272.0,157.0,319.0,114.0,353.0,2009
"Bad Kreuznach, Landkreis",7164.0,8.0,644.0,50.0,34.0,738.0,1525.0,227.0,592.0,215.0,151.0,555.0,804.0,330.0,223.0,463.0,166.0,439.0,2009
"Birkenfeld, Landkreis",4039.0,2.0,691.0,15.0,32.0,394.0,939.0,95.0,333.0,78.0,113.0,286.0,294.0,133.0,89.0,240.0,92.0,213.0,2009
"Cochem-Zell, Landkreis",3181.0,1.0,268.0,23.0,8.0,367.0,655.0,95.0,626.0,53.0,59.0,242.0,198.0,96.0,74.0,179.0,46.0,191.0,2009
"Mayen-Koblenz, Landkreis",9556.0,35.0,943.0,48.0,34.0,1077.0,2208.0,378.0,757.0,265.0,228.0,797.0,966.0,391.0,255.0,507.0,214.0,453.0,2009
"Neuwied, Landkreis",8951.0,10.0,893.0,21.0,30.0,1116.0,1931.0,277.0,616.0,288.0,187.0,804.0,1011.0,395.0,204.0,485.0,207.0,476.0,2009
Rhein-Hunsrück-Kreis,4951.0,4.0,449.0,44.0,22.0,625.0,1024.0,193.0,459.0,139.0,118.0,436.0,497.0,226.0,133.0,246.0,102.0,234.0,2009
Rhein-Lahn-Kreis,5546.0,5.0,514.0,26.0,23.0,597.0,1111.0,183.0,549.0,170.0,123.0,420.0,629.0,265.0,169.0,323.0,120.0,319.0,2009
Westerwaldkreis,10206.0,35.0,1176.0,66.0,39.0,1234.0,2191.0,331.0,622.0,287.0,190.0,1007.0,1109.0,471.0,300.0,481.0,172.0,495.0,2009
"Trier, kreisfreie Stadt",5320.0,0.0,341.0,15.0,20.0,296.0,1302.0,153.0,482.0,156.0,121.0,527.0,706.0,188.0,123.0,431.0,120.0,339.0,2009
"Bernkastel-Wittlich, Landkreis",5428.0,9.0,608.0,36.0,21.0,568.0,1196.0,157.0,787.0,85.0,111.0,453.0,411.0,181.0,115.0,298.0,99.0,293.0,2009
Eifelkreis Bitburg-Prüm,4337.0,10.0,446.0,112.0,23.0,469.0,947.0,151.0,491.0,74.0,111.0,400.0,321.0,137.0,109.0,198.0,104.0,234.0,2009
"Vulkaneifel, Landkreis",2916.0,17.0,281.0,28.0,16.0,330.0,627.0,115.0,320.0,70.0,51.0,261.0,264.0,97.0,71.0,148.0,73.0,147.0,2009
"Trier-Saarburg, Landkreis",5172.0,9.0,494.0,39.0,25.0,657.0,1073.0,171.0,567.0,86.0,135.0,479.0,451.0,181.0,147.0,268.0,113.0,277.0,2009
"Frankenthal (Pfalz), kreisfreie Stadt",2038.0,1.0,152.0,9.0,8.0,182.0,455.0,85.0,156.0,56.0,44.0,191.0,232.0,95.0,52.0,154.0,49.0,117.0,2009
"Kaiserslautern, kreisfreie Stadt",4927.0,2.0,281.0,18.0,9.0,322.0,1067.0,169.0,423.0,164.0,120.0,434.0,747.0,215.0,146.0,388.0,124.0,298.0,2009
"Landau in der Pfalz, kreisfreie Stadt",2609.0,2.0,172.0,10.0,15.0,182.0,608.0,46.0,177.0,80.0,58.0,301.0,368.0,109.0,80.0,189.0,68.0,144.0,2009
"Ludwigshafen am Rhein, kreisfreie Stadt",6034.0,4.0,338.0,13.0,19.0,658.0,1200.0,313.0,559.0,193.0,101.0,450.0,672.0,363.0,184.0,439.0,163.0,365.0,2009
"Mainz, kreisfreie Stadt",10507.0,5.0,492.0,33.0,21.0,593.0,1759.0,361.0,719.0,635.0,221.0,1166.0,1759.0,588.0,233.0,763.0,428.0,731.0,2009
"Neustadt an der Weinstraße, kreisfreie Stadt",3048.0,0.0,193.0,10.0,5.0,239.0,620.0,75.0,263.0,122.0,79.0,309.0,457.0,111.0,69.0,219.0,87.0,190.0,2009
"Pirmasens, kreisfreie Stadt",2290.0,0.0,217.0,5.0,11.0,178.0,655.0,53.0,181.0,56.0,53.0,175.0,236.0,81.0,42.0,164.0,48.0,135.0,2009
"Speyer, kreisfreie Stadt",2760.0,4.0,196.0,7.0,16.0,187.0,592.0,76.0,244.0,91.0,75.0,284.0,352.0,101.0,88.0,195.0,91.0,161.0,2009
"Worms, kreisfreie Stadt",3788.0,5.0,272.0,16.0,14.0,383.0,837.0,142.0,294.0,132.0,73.0,340.0,458.0,178.0,77.0,233.0,115.0,219.0,2009
"Zweibrücken, kreisfreie Stadt",1579.0,1.0,120.0,8.0,11.0,131.0,410.0,45.0,145.0,45.0,33.0,116.0,168.0,61.0,41.0,115.0,42.0,87.0,2009
"Alzey-Worms, Landkreis",5491.0,3.0,564.0,100.0,25.0,617.0,1155.0,188.0,377.0,202.0,120.0,423.0,628.0,295.0,170.0,250.0,112.0,262.0,2009
"Bad Dürkheim, Landkreis",6412.0,3.0,499.0,27.0,27.0,650.0,1310.0,183.0,683.0,189.0,142.0,645.0,783.0,308.0,177.0,339.0,134.0,313.0,2009
Donnersbergkreis,2996.0,3.0,310.0,57.0,20.0,343.0,608.0,144.0,249.0,71.0,59.0,195.0,317.0,137.0,105.0,183.0,59.0,136.0,2009
"Germersheim, Landkreis",5264.0,15.0,433.0,33.0,37.0,547.0,1152.0,199.0,435.0,166.0,118.0,440.0,537.0,240.0,194.0,280.0,143.0,295.0,2009
"Kaiserslautern, Landkreis",4272.0,1.0,340.0,35.0,33.0,601.0,955.0,134.0,442.0,102.0,73.0,314.0,374.0,191.0,128.0,244.0,69.0,236.0,2009
"Kusel, Landkreis",2469.0,4.0,220.0,15.0,17.0,292.0,577.0,89.0,259.0,39.0,46.0,152.0,210.0,94.0,90.0,175.0,46.0,144.0,2009
"Südliche Weinstraße, Landkreis",5283.0,2.0,522.0,47.0,20.0,567.0,1080.0,116.0,634.0,152.0,127.0,463.0,530.0,205.0,153.0,267.0,130.0,268.0,2009
Rhein-Pfalz-Kreis,5938.0,3.0,472.0,38.0,29.0,704.0,1296.0,304.0,414.0,190.0,124.0,466.0,654.0,297.0,153.0,312.0,135.0,347.0,2009
"Mainz-Bingen, Landkreis",9416.0,6.0,723.0,47.0,33.0,964.0,1689.0,292.0,749.0,460.0,201.0,819.0,1359.0,482.0,295.0,489.0,271.0,537.0,2009
"Südwestpfalz, Landkreis",3928.0,0.0,451.0,15.0,15.0,560.0,925.0,112.0,435.0,97.0,65.0,271.0,274.0,138.0,125.0,192.0,61.0,192.0,2009
"Koblenz, kreisfreie Stadt",6099.0,1.0,281.0,19.0,15.0,412.0,1239.0,261.0,498.0,260.0,177.0,585.0,850.0,331.0,167.0,485.0,144.0,374.0,2010
"Ahrweiler, Landkreis",6655.0,8.0,552.0,27.0,27.0,784.0,1303.0,208.0,683.0,191.0,124.0,601.0,717.0,349.0,161.0,367.0,186.0,367.0,2010
"Altenkirchen (Westerwald), Landkreis",5891.0,0.0,666.0,35.0,33.0,670.0,1324.0,173.0,369.0,142.0,113.0,561.0,588.0,271.0,151.0,322.0,112.0,361.0,2010
"Bad Kreuznach, Landkreis",7210.0,10.0,575.0,60.0,36.0,719.0,1533.0,229.0,593.0,226.0,165.0,575.0,848.0,348.0,228.0,461.0,167.0,437.0,2010
"Birkenfeld, Landkreis",4013.0,2.0,648.0,17.0,28.0,378.0,936.0,99.0,332.0,77.0,122.0,282.0,297.0,145.0,86.0,251.0,87.0,226.0,2010
"Cochem-Zell, Landkreis",3185.0,1.0,251.0,30.0,6.0,374.0,643.0,97.0,607.0,62.0,58.0,250.0,209.0,102.0,74.0,189.0,43.0,189.0,2010
"Mayen-Koblenz, Landkreis",9674.0,30.0,887.0,63.0,32.0,1079.0,2243.0,385.0,761.0,267.0,229.0,812.0,1008.0,427.0,250.0,522.0,204.0,475.0,2010
"Neuwied, Landkreis",9043.0,8.0,855.0,27.0,30.0,1137.0,1966.0,274.0,615.0,311.0,190.0,810.0,1047.0,409.0,200.0,485.0,199.0,480.0,2010
Rhein-Hunsrück-Kreis,5047.0,3.0,439.0,61.0,20.0,636.0,1048.0,196.0,470.0,142.0,114.0,455.0,507.0,239.0,129.0,243.0,100.0,245.0,2010
Rhein-Lahn-Kreis,5624.0,4.0,489.0,53.0,24.0,598.0,1126.0,173.0,566.0,171.0,121.0,431.0,616.0,288.0,180.0,328.0,110.0,346.0,2010
Westerwaldkreis,10276.0,33.0,1143.0,90.0,40.0,1222.0,2184.0,340.0,622.0,279.0,193.0,1032.0,1136.0,508.0,301.0,492.0,175.0,486.0,2010
"Trier, kreisfreie Stadt",5364.0,0.0,312.0,23.0,18.0,313.0,1288.0,144.0,489.0,153.0,119.0,535.0,728.0,202.0,131.0,434.0,121.0,354.0,2010
"Bernkastel-Wittlich, Landkreis",5414.0,9.0,550.0,59.0,20.0,565.0,1188.0,159.0,781.0,82.0,121.0,451.0,420.0,207.0,115.0,304.0,90.0,293.0,2010
Eifelkreis Bitburg-Prüm,4419.0,8.0,427.0,187.0,22.0,462.0,927.0,150.0,494.0,73.0,122.0,416.0,337.0,139.0,110.0,204.0,100.0,241.0,2010
"Vulkaneifel, Landkreis",2978.0,15.0,276.0,38.0,15.0,323.0,631.0,117.0,311.0,67.0,54.0,280.0,285.0,108.0,77.0,154.0,69.0,158.0,2010
"Trier-Saarburg, Landkreis",5333.0,10.0,468.0,49.0,27.0,677.0,1070.0,175.0,585.0,95.0,144.0,510.0,487.0,199.0,152.0,282.0,110.0,293.0,2010
"Frankenthal (Pfalz), kreisfreie Stadt",2036.0,2.0,147.0,13.0,7.0,180.0,436.0,85.0,169.0,54.0,45.0,184.0,226.0,104.0,53.0,154.0,53.0,124.0,2010
"Kaiserslautern, kreisfreie Stadt",4951.0,2.0,264.0,21.0,9.0,324.0,1072.0,172.0,430.0,172.0,118.0,430.0,765.0,222.0,146.0,378.0,124.0,302.0,2010
"Landau in der Pfalz, kreisfreie Stadt",2590.0,1.0,155.0,11.0,14.0,182.0,600.0,39.0,172.0,83.0,53.0,301.0,380.0,116.0,76.0,197.0,63.0,147.0,2010
"Ludwigshafen am Rhein, kreisfreie Stadt",6143.0,4.0,318.0,16.0,18.0,682.0,1210.0,333.0,583.0,207.0,109.0,463.0,684.0,363.0,176.0,457.0,144.0,376.0,2010
"Mainz, kreisfreie Stadt",10680.0,5.0,447.0,38.0,21.0,603.0,1774.0,381.0,752.0,674.0,221.0,1183.0,1805.0,594.0,248.0,784.0,416.0,734.0,2010
"Neustadt an der Weinstraße, kreisfreie Stadt",3036.0,0.0,178.0,14.0,9.0,229.0,619.0,76.0,255.0,116.0,79.0,317.0,467.0,115.0,65.0,221.0,84.0,192.0,2010
"Pirmasens, kreisfreie Stadt",2285.0,0.0,202.0,5.0,11.0,177.0,646.0,56.0,175.0,62.0,56.0,179.0,238.0,88.0,43.0,162.0,42.0,143.0,2010
"Speyer, kreisfreie Stadt",2825.0,3.0,192.0,10.0,15.0,206.0,594.0,82.0,244.0,88.0,77.0,291.0,363.0,114.0,90.0,200.0,92.0,164.0,2010
"Worms, kreisfreie Stadt",3824.0,4.0,264.0,21.0,12.0,373.0,828.0,149.0,287.0,131.0,78.0,351.0,463.0,203.0,81.0,248.0,108.0,223.0,2010
"Zweibrücken, kreisfreie Stadt",1601.0,1.0,127.0,15.0,13.0,118.0,407.0,46.0,146.0,48.0,31.0,112.0,166.0,66.0,49.0,124.0,43.0,89.0,2010
"Alzey-Worms, Landkreis",5495.0,3.0,437.0,121.0,27.0,621.0,1182.0,196.0,378.0,208.0,126.0,423.0,642.0,319.0,162.0,258.0,115.0,277.0,2010
"Bad Dürkheim, Landkreis",6407.0,2.0,445.0,39.0,26.0,641.0,1299.0,181.0,688.0,192.0,124.0,661.0,792.0,342.0,173.0,342.0,142.0,318.0,2010
Donnersbergkreis,2981.0,3.0,302.0,61.0,18.0,338.0,605.0,134.0,237.0,77.0,57.0,199.0,320.0,151.0,103.0,187.0,55.0,134.0,2010
"Germersheim, Landkreis",5329.0,16.0,419.0,45.0,39.0,556.0,1130.0,212.0,426.0,152.0,124.0,468.0,555.0,258.0,199.0,288.0,148.0,294.0,2010
"Kaiserslautern, Landkreis",4309.0,1.0,325.0,47.0,37.0,595.0,947.0,144.0,431.0,97.0,75.0,317.0,399.0,198.0,123.0,254.0,69.0,250.0,2010
"Kusel, Landkreis",2428.0,4.0,216.0,24.0,16.0,295.0,548.0,84.0,258.0,36.0,53.0,150.0,208.0,84.0,90.0,176.0,43.0,143.0,2010
"Südliche Weinstraße, Landkreis",5289.0,2.0,462.0,66.0,25.0,579.0,1078.0,104.0,623.0,150.0,137.0,471.0,541.0,227.0,157.0,274.0,128.0,265.0,2010
Rhein-Pfalz-Kreis,5959.0,3.0,461.0,43.0,29.0,689.0,1278.0,293.0,420.0,196.0,121.0,469.0,684.0,330.0,151.0,313.0,131.0,348.0,2010
"Mainz-Bingen, Landkreis",9461.0,6.0,621.0,57.0,30.0,990.0,1693.0,283.0,755.0,473.0,202.0,826.0,1389.0,522.0,298.0,494.0,256.0,566.0,2010
"Südwestpfalz, Landkreis",3936.0,1.0,433.0,23.0,14.0,562.0,913.0,114.0,425.0,101.0,71.0,268.0,298.0,154.0,116.0,192.0,61.0,190.0,2010
"Koblenz, kreisfreie Stadt",6063.0,1.0,282.0,19.0,16.0,405.0,1218.0,259.0,484.0,261.0,172.0,581.0,845.0,327.0,171.0,494.0,146.0,382.0,2011
"Ahrweiler, Landkreis",6676.0,7.0,537.0,44.0,29.0,797.0,1295.0,206.0,674.0,193.0,132.0,612.0,695.0,375.0,162.0,362.0,169.0,387.0,2011
"Altenkirchen (Westerwald), Landkreis",5840.0,1.0,636.0,49.0,34.0,680.0,1254.0,172.0,364.0,133.0,115.0,576.0,584.0,292.0,153.0,319.0,114.0,364.0,2011
"Bad Kreuznach, Landkreis",7214.0,10.0,573.0,80.0,34.0,702.0,1522.0,235.0,592.0,228.0,167.0,564.0,816.0,379.0,219.0,469.0,170.0,454.0,2011
"Birkenfeld, Landkreis",3984.0,2.0,638.0,28.0,26.0,396.0,927.0,98.0,311.0,81.0,119.0,272.0,290.0,147.0,85.0,256.0,84.0,224.0,2011
"Cochem-Zell, Landkreis",3158.0,1.0,252.0,52.0,7.0,359.0,633.0,103.0,602.0,61.0,55.0,258.0,197.0,96.0,74.0,185.0,43.0,180.0,2011
"Mayen-Koblenz, Landkreis",9658.0,27.0,895.0,102.0,32.0,1090.0,2196.0,381.0,745.0,260.0,240.0,814.0,1000.0,423.0,240.0,526.0,193.0,494.0,2011
"Neuwied, Landkreis",9020.0,7.0,849.0,40.0,29.0,1160.0,1908.0,268.0,595.0,311.0,188.0,810.0,1045.0,445.0,205.0,478.0,195.0,487.0,2011
Rhein-Hunsrück-Kreis,5025.0,3.0,421.0,84.0,21.0,638.0,1030.0,188.0,444.0,130.0,115.0,465.0,515.0,250.0,124.0,249.0,99.0,249.0,2011
Rhein-Lahn-Kreis,5508.0,4.0,483.0,65.0,23.0,578.0,1085.0,171.0,532.0,159.0,116.0,419.0,614.0,306.0,172.0,331.0,112.0,338.0,2011
Westerwaldkreis,10162.0,34.0,1127.0,105.0,38.0,1212.0,2118.0,326.0,616.0,274.0,193.0,1025.0,1135.0,508.0,298.0,493.0,165.0,495.0,2011
"Trier, kreisfreie Stadt",5361.0,0.0,299.0,31.0,22.0,310.0,1290.0,145.0,477.0,155.0,126.0,536.0,717.0,218.0,140.0,432.0,120.0,343.0,2011
"Bernkastel-Wittlich, Landkreis",5389.0,8.0,542.0,82.0,20.0,567.0,1149.0,157.0,748.0,79.0,122.0,457.0,432.0,209.0,108.0,324.0,98.0,287.0,2011
Eifelkreis Bitburg-Prüm,4428.0,9.0,421.0,250.0,21.0,472.0,904.0,142.0,473.0,71.0,118.0,417.0,325.0,136.0,110.0,215.0,100.0,244.0,2011
"Vulkaneifel, Landkreis",2993.0,13.0,277.0,57.0,14.0,330.0,627.0,107.0,310.0,64.0,55.0,284.0,278.0,113.0,82.0,161.0,64.0,157.0,2011
"Trier-Saarburg, Landkreis",5297.0,10.0,470.0,64.0,27.0,680.0,1050.0,169.0,555.0,94.0,136.0,506.0,477.0,205.0,139.0,312.0,105.0,298.0,2011
"Frankenthal (Pfalz), kreisfreie Stadt",2023.0,2.0,135.0,15.0,5.0,192.0,429.0,91.0,168.0,61.0,37.0,181.0,230.0,111.0,49.0,148.0,49.0,120.0,2011
"Kaiserslautern, kreisfreie Stadt",4871.0,2.0,267.0,23.0,7.0,306.0,1052.0,174.0,429.0,170.0,113.0,436.0,744.0,212.0,138.0,377.0,124.0,297.0,2011
"Landau in der Pfalz, kreisfreie Stadt",2556.0,1.0,159.0,15.0,15.0,180.0,576.0,40.0,165.0,82.0,52.0,297.0,375.0,121.0,75.0,196.0,63.0,144.0,2011
"Ludwigshafen am Rhein, kreisfreie Stadt",6014.0,3.0,306.0,23.0,15.0,683.0,1171.0,320.0,543.0,186.0,105.0,467.0,675.0,380.0,172.0,457.0,140.0,368.0,2011
"Mainz, kreisfreie Stadt",10622.0,4.0,455.0,45.0,20.0,604.0,1721.0,362.0,735.0,663.0,230.0,1197.0,1801.0,621.0,249.0,767.0,427.0,721.0,2011
"Neustadt an der Weinstraße, kreisfreie Stadt",3015.0,0.0,177.0,21.0,7.0,242.0,603.0,72.0,249.0,106.0,74.0,318.0,458.0,122.0,67.0,221.0,83.0,195.0,2011
"Pirmasens, kreisfreie Stadt",2232.0,0.0,199.0,10.0,10.0,168.0,620.0,57.0,168.0,63.0,55.0,175.0,233.0,82.0,42.0,163.0,46.0,141.0,2011
"Speyer, kreisfreie Stadt",2829.0,4.0,186.0,13.0,14.0,208.0,587.0,86.0,242.0,89.0,75.0,293.0,376.0,131.0,81.0,198.0,87.0,159.0,2011
"Worms, kreisfreie Stadt",3808.0,3.0,256.0,27.0,12.0,371.0,813.0,150.0,294.0,126.0,80.0,340.0,466.0,203.0,82.0,249.0,108.0,228.0,2011
"Zweibrücken, kreisfreie Stadt",1593.0,1.0,122.0,16.0,12.0,125.0,395.0,46.0,150.0,50.0,36.0,107.0,164.0,64.0,45.0,127.0,40.0,93.0,2011
"Alzey-Worms, Landkreis",5541.0,3.0,421.0,162.0,29.0,645.0,1162.0,179.0,392.0,201.0,120.0,420.0,644.0,360.0,159.0,258.0,110.0,276.0,2011
"Bad Dürkheim, Landkreis",6381.0,2.0,440.0,59.0,26.0,657.0,1262.0,188.0,661.0,189.0,122.0,660.0,790.0,346.0,174.0,338.0,143.0,324.0,2011
Donnersbergkreis,2978.0,3.0,295.0,81.0,16.0,332.0,585.0,131.0,243.0,74.0,59.0,203.0,309.0,162.0,105.0,194.0,49.0,137.0,2011
"Germersheim, Landkreis",5334.0,15.0,407.0,57.0,37.0,564.0,1121.0,214.0,429.0,145.0,124.0,488.0,554.0,255.0,204.0,283.0,141.0,296.0,2011
"Kaiserslautern, Landkreis",4284.0,2.0,311.0,72.0,35.0,601.0,917.0,142.0,415.0,90.0,73.0,324.0,406.0,207.0,121.0,254.0,69.0,245.0,2011
"Kusel, Landkreis",2403.0,3.0,206.0,32.0,15.0,306.0,546.0,76.0,248.0,34.0,58.0,148.0,212.0,88.0,87.0,168.0,36.0,140.0,2011
"Südliche Weinstraße, Landkreis",5252.0,1.0,445.0,91.0,24.0,584.0,1054.0,103.0,615.0,149.0,138.0,456.0,533.0,231.0,159.0,279.0,125.0,265.0,2011
Rhein-Pfalz-Kreis,5928.0,4.0,457.0,59.0,29.0,682.0,1247.0,294.0,390.0,195.0,119.0,481.0,679.0,334.0,153.0,321.0,126.0,358.0,2011
"Mainz-Bingen, Landkreis",9388.0,5.0,596.0,84.0,29.0,990.0,1649.0,289.0,719.0,477.0,210.0,815.0,1393.0,525.0,285.0,504.0,260.0,558.0,2011
"Südwestpfalz, Landkreis",3895.0,1.0,427.0,32.0,14.0,542.0,899.0,103.0,419.0,102.0,64.0,264.0,303.0,161.0,115.0,191.0,63.0,195.0,2011
"Koblenz, kreisfreie Stadt",6014.0,1.0,275.0,24.0,17.0,399.0,1224.0,257.0,474.0,249.0,165.0,596.0,821.0,338.0,163.0,481.0,150.0,380.0,2012
"Ahrweiler, Landkreis",6418.0,6.0,521.0,41.0,27.0,790.0,1241.0,187.0,645.0,184.0,121.0,580.0,674.0,362.0,148.0,363.0,167.0,361.0,2012
"Altenkirchen (Westerwald), Landkreis",5626.0,1.0,623.0,55.0,33.0,688.0,1177.0,164.0,324.0,128.0,113.0,545.0,565.0,287.0,158.0,315.0,108.0,342.0,2012
"Bad Kreuznach, Landkreis",7000.0,11.0,559.0,89.0,35.0,689.0,1479.0,219.0,544.0,196.0,154.0,569.0,807.0,377.0,214.0,466.0,165.0,427.0,2012
"Birkenfeld, Landkreis",3845.0,2.0,609.0,35.0,23.0,390.0,901.0,94.0,279.0,73.0,107.0,276.0,282.0,152.0,80.0,251.0,75.0,216.0,2012
"Cochem-Zell, Landkreis",3061.0,1.0,243.0,63.0,7.0,348.0,614.0,99.0,582.0,62.0,58.0,239.0,190.0,99.0,66.0,188.0,33.0,169.0,2012
"Mayen-Koblenz, Landkreis",9445.0,30.0,873.0,128.0,30.0,1062.0,2117.0,370.0,694.0,247.0,241.0,807.0,979.0,425.0,230.0,530.0,201.0,481.0,2012
"Neuwied, Landkreis",8810.0,6.0,820.0,58.0,29.0,1195.0,1833.0,254.0,551.0,284.0,192.0,784.0,995.0,459.0,206.0,488.0,189.0,467.0,2012
Rhein-Hunsrück-Kreis,4950.0,3.0,417.0,103.0,20.0,651.0,991.0,189.0,414.0,128.0,116.0,437.0,501.0,259.0,124.0,252.0,103.0,242.0,2012
Rhein-Lahn-Kreis,5397.0,4.0,458.0,80.0,20.0,590.0,1037.0,179.0,506.0,146.0,117.0,392.0,601.0,310.0,170.0,337.0,111.0,339.0,2012
Westerwaldkreis,9874.0,30.0,1130.0,117.0,34.0,1193.0,2019.0,303.0,564.0,264.0,187.0,986.0,1113.0,506.0,296.0,492.0,161.0,479.0,2012
"Trier, kreisfreie Stadt",5271.0,1.0,287.0,35.0,20.0,307.0,1258.0,142.0,460.0,138.0,130.0,547.0,693.0,225.0,142.0,428.0,116.0,342.0,2012
"Bernkastel-Wittlich, Landkreis",5241.0,8.0,505.0,91.0,20.0,588.0,1100.0,151.0,691.0,78.0,120.0,446.0,422.0,210.0,124.0,310.0,98.0,279.0,2012
Eifelkreis Bitburg-Prüm,4371.0,8.0,416.0,266.0,22.0,478.0,879.0,143.0,445.0,73.0,114.0,408.0,323.0,138.0,117.0,206.0,99.0,236.0,2012
"Vulkaneifel, Landkreis",2906.0,13.0,273.0,70.0,15.0,333.0,600.0,105.0,273.0,68.0,53.0,282.0,267.0,106.0,84.0,154.0,58.0,152.0,2012
"Trier-Saarburg, Landkreis",5230.0,10.0,460.0,74.0,29.0,678.0,1029.0,161.0,518.0,92.0,140.0,509.0,473.0,219.0,168.0,285.0,99.0,286.0,2012
"Frankenthal (Pfalz), kreisfreie Stadt",1970.0,2.0,136.0,15.0,4.0,193.0,420.0,101.0,164.0,54.0,30.0,170.0,212.0,95.0,50.0,160.0,46.0,118.0,2012
"Kaiserslautern, kreisfreie Stadt",4729.0,2.0,257.0,26.0,6.0,310.0,1013.0,157.0,401.0,176.0,109.0,426.0,705.0,205.0,136.0,382.0,125.0,293.0,2012
"Landau in der Pfalz, kreisfreie Stadt",2532.0,1.0,160.0,18.0,15.0,180.0,565.0,35.0,163.0,81.0,49.0,289.0,372.0,129.0,77.0,195.0,59.0,144.0,2012
"Ludwigshafen am Rhein, kreisfreie Stadt",5842.0,3.0,316.0,31.0,16.0,664.0,1104.0,306.0,510.0,183.0,103.0,451.0,657.0,372.0,167.0,462.0,137.0,360.0,2012
"Mainz, kreisfreie Stadt",10410.0,3.0,428.0,62.0,21.0,604.0,1675.0,353.0,683.0,645.0,249.0,1192.0,1756.0,616.0,258.0,759.0,402.0,704.0,2012
"Neustadt an der Weinstraße, kreisfreie Stadt",2950.0,0.0,178.0,26.0,7.0,238.0,582.0,69.0,243.0,104.0,68.0,304.0,460.0,125.0,67.0,212.0,79.0,188.0,2012
"Pirmasens, kreisfreie Stadt",2176.0,0.0,190.0,11.0,10.0,176.0,586.0,61.0,160.0,61.0,54.0,173.0,225.0,86.0,34.0,169.0,49.0,131.0,2012
"Speyer, kreisfreie Stadt",2796.0,4.0,186.0,16.0,13.0,205.0,593.0,85.0,244.0,86.0,72.0,285.0,363.0,131.0,83.0,192.0,77.0,161.0,2012
"Worms, kreisfreie Stadt",3669.0,3.0,247.0,33.0,13.0,362.0,795.0,135.0,286.0,118.0,64.0,317.0,448.0,201.0,81.0,237.0,112.0,217.0,2012
"Zweibrücken, kreisfreie Stadt",1567.0,0.0,124.0,17.0,11.0,116.0,401.0,49.0,130.0,47.0,42.0,113.0,163.0,60.0,54.0,119.0,39.0,82.0,2012
"Alzey-Worms, Landkreis",5458.0,4.0,407.0,221.0,26.0,647.0,1117.0,179.0,362.0,193.0,122.0,430.0,618.0,351.0,147.0,257.0,118.0,259.0,2012
"Bad Dürkheim, Landkreis",6269.0,1.0,426.0,71.0,26.0,661.0,1222.0,187.0,619.0,187.0,116.0,642.0,776.0,353.0,177.0,352.0,146.0,307.0,2012
Donnersbergkreis,2923.0,3.0,295.0,82.0,17.0,329.0,561.0,120.0,234.0,63.0,54.0,190.0,319.0,160.0,114.0,192.0,51.0,139.0,2012
"Germersheim, Landkreis",5209.0,15.0,398.0,71.0,38.0,561.0,1092.0,210.0,395.0,134.0,123.0,453.0,550.0,267.0,196.0,285.0,139.0,282.0,2012
"Kaiserslautern, Landkreis",4203.0,2.0,309.0,86.0,35.0,599.0,891.0,136.0,395.0,80.0,77.0,306.0,385.0,213.0,128.0,255.0,68.0,238.0,2012
"Kusel, Landkreis",2373.0,4.0,204.0,37.0,15.0,305.0,537.0,76.0,233.0,39.0,60.0,137.0,209.0,81.0,88.0,165.0,40.0,143.0,2012
"Südliche Weinstraße, Landkreis",5184.0,1.0,445.0,110.0,23.0,583.0,1038.0,109.0,592.0,141.0,142.0,445.0,504.0,237.0,155.0,274.0,123.0,262.0,2012
Rhein-Pfalz-Kreis,5823.0,4.0,431.0,72.0,29.0,692.0,1225.0,294.0,379.0,177.0,124.0,459.0,649.0,347.0,150.0,321.0,120.0,350.0,2012
"Mainz-Bingen, Landkreis",9264.0,5.0,596.0,96.0,25.0,1009.0,1603.0,279.0,686.0,460.0,221.0,789.0,1379.0,512.0,283.0,523.0,255.0,543.0,2012
"Südwestpfalz, Landkreis",3749.0,1.0,397.0,45.0,14.0,529.0,843.0,103.0,375.0,104.0,63.0,246.0,301.0,168.0,114.0,195.0,67.0,184.0,2012
"Koblenz, kreisfreie Stadt",5889.0,1.0,263.0,25.0,16.0,388.0,1203.0,248.0,468.0,244.0,143.0,589.0,818.0,344.0,151.0,472.0,157.0,359.0,2013
"Ahrweiler, Landkreis",6269.0,6.0,522.0,43.0,28.0,777.0,1193.0,177.0,637.0,159.0,103.0,580.0,660.0,355.0,157.0,378.0,159.0,335.0,2013
"Altenkirchen (Westerwald), Landkreis",5466.0,0.0,626.0,53.0,34.0,684.0,1135.0,153.0,313.0,131.0,96.0,532.0,538.0,278.0,156.0,317.0,98.0,322.0,2013
"Bad Kreuznach, Landkreis",6880.0,11.0,538.0,87.0,34.0,702.0,1421.0,219.0,553.0,192.0,129.0,566.0,786.0,374.0,223.0,465.0,164.0,416.0,2013
"Birkenfeld, Landkreis",3761.0,2.0,575.0,36.0,22.0,384.0,892.0,86.0,278.0,64.0,93.0,266.0,281.0,167.0,83.0,249.0,70.0,213.0,2013
"Cochem-Zell, Landkreis",2992.0,1.0,227.0,63.0,6.0,349.0,587.0,93.0,569.0,55.0,56.0,247.0,174.0,107.0,73.0,189.0,37.0,159.0,2013
"Mayen-Koblenz, Landkreis",9246.0,30.0,854.0,150.0,29.0,1050.0,2059.0,355.0,658.0,239.0,207.0,799.0,951.0,435.0,246.0,526.0,199.0,459.0,2013
"Neuwied, Landkreis",8748.0,6.0,816.0,64.0,28.0,1239.0,1803.0,255.0,534.0,267.0,175.0,773.0,998.0,460.0,201.0,489.0,183.0,457.0,2013
Rhein-Hunsrück-Kreis,4853.0,3.0,414.0,110.0,22.0,633.0,972.0,182.0,410.0,125.0,108.0,442.0,497.0,246.0,132.0,247.0,87.0,223.0,2013
Rhein-Lahn-Kreis,5263.0,4.0,434.0,77.0,21.0,587.0,1003.0,168.0,474.0,137.0,102.0,380.0,603.0,321.0,172.0,336.0,117.0,327.0,2013
Westerwaldkreis,9730.0,32.0,1093.0,122.0,35.0,1185.0,1985.0,283.0,545.0,269.0,185.0,966.0,1103.0,506.0,298.0,496.0,154.0,473.0,2013
"Trier, kreisfreie Stadt",5225.0,2.0,288.0,40.0,16.0,306.0,1251.0,131.0,455.0,140.0,112.0,551.0,697.0,229.0,135.0,424.0,107.0,341.0,2013
"Bernkastel-Wittlich, Landkreis",5165.0,8.0,488.0,93.0,20.0,594.0,1085.0,145.0,694.0,77.0,106.0,453.0,429.0,212.0,116.0,308.0,94.0,243.0,2013
Eifelkreis Bitburg-Prüm,4266.0,9.0,400.0,262.0,21.0,460.0,861.0,140.0,434.0,68.0,105.0,409.0,324.0,140.0,111.0,205.0,85.0,232.0,2013
"Vulkaneifel, Landkreis",2822.0,12.0,271.0,71.0,15.0,315.0,577.0,99.0,277.0,61.0,52.0,271.0,262.0,103.0,83.0,153.0,63.0,137.0,2013
"Trier-Saarburg, Landkreis",5191.0,10.0,447.0,82.0,29.0,678.0,988.0,159.0,530.0,96.0,120.0,521.0,482.0,224.0,154.0,296.0,102.0,273.0,2013
"Frankenthal (Pfalz), kreisfreie Stadt",1941.0,1.0,137.0,13.0,4.0,188.0,412.0,99.0,158.0,44.0,30.0,172.0,202.0,93.0,47.0,178.0,44.0,119.0,2013
"Kaiserslautern, kreisfreie Stadt",4649.0,2.0,252.0,34.0,7.0,307.0,982.0,152.0,391.0,180.0,93.0,422.0,690.0,211.0,129.0,386.0,123.0,288.0,2013
"Landau in der Pfalz, kreisfreie Stadt",2489.0,1.0,151.0,19.0,15.0,168.0,551.0,37.0,175.0,79.0,48.0,298.0,363.0,120.0,71.0,194.0,53.0,146.0,2013
"Ludwigshafen am Rhein, kreisfreie Stadt",5740.0,2.0,299.0,32.0,16.0,638.0,1080.0,284.0,520.0,183.0,97.0,430.0,656.0,373.0,165.0,470.0,128.0,367.0,2013
"Mainz, kreisfreie Stadt",10218.0,3.0,410.0,58.0,20.0,598.0,1652.0,331.0,685.0,618.0,242.0,1174.0,1717.0,598.0,254.0,755.0,391.0,712.0,2013
"Neustadt an der Weinstraße, kreisfreie Stadt",2916.0,0.0,169.0,26.0,6.0,243.0,579.0,71.0,237.0,99.0,64.0,303.0,446.0,132.0,66.0,211.0,76.0,188.0,2013
"Pirmasens, kreisfreie Stadt",2138.0,0.0,181.0,10.0,10.0,170.0,563.0,67.0,166.0,57.0,46.0,174.0,221.0,88.0,34.0,171.0,49.0,131.0,2013
"Speyer, kreisfreie Stadt",2768.0,4.0,165.0,15.0,12.0,196.0,596.0,85.0,242.0,82.0,74.0,286.0,359.0,134.0,79.0,198.0,78.0,163.0,2013
"Worms, kreisfreie Stadt",3639.0,2.0,230.0,32.0,12.0,368.0,780.0,132.0,274.0,118.0,62.0,318.0,443.0,205.0,81.0,239.0,116.0,227.0,2013
"Zweibrücken, kreisfreie Stadt",1534.0,0.0,116.0,14.0,10.0,114.0,381.0,52.0,131.0,47.0,34.0,112.0,162.0,68.0,53.0,118.0,43.0,79.0,2013
"Alzey-Worms, Landkreis",5340.0,4.0,398.0,224.0,24.0,629.0,1091.0,176.0,356.0,177.0,102.0,419.0,609.0,345.0,145.0,259.0,115.0,267.0,2013
"Bad Dürkheim, Landkreis",6132.0,1.0,415.0,69.0,26.0,648.0,1192.0,178.0,616.0,179.0,98.0,637.0,768.0,343.0,173.0,346.0,145.0,298.0,2013
Donnersbergkreis,2844.0,4.0,280.0,82.0,17.0,318.0,539.0,108.0,225.0,65.0,47.0,185.0,317.0,162.0,114.0,192.0,50.0,139.0,2013
"Germersheim, Landkreis",5140.0,14.0,382.0,67.0,40.0,565.0,1061.0,205.0,404.0,133.0,101.0,456.0,536.0,258.0,198.0,293.0,135.0,292.0,2013
"Kaiserslautern, Landkreis",4124.0,2.0,294.0,79.0,34.0,604.0,864.0,134.0,393.0,76.0,75.0,306.0,371.0,205.0,127.0,258.0,64.0,238.0,2013
"Kusel, Landkreis",2299.0,4.0,192.0,39.0,15.0,300.0,513.0,68.0,218.0,40.0,52.0,130.0,208.0,87.0,91.0,164.0,39.0,139.0,2013
"Südliche Weinstraße, Landkreis",5071.0,2.0,442.0,100.0,23.0,575.0,999.0,110.0,573.0,141.0,133.0,453.0,482.0,242.0,157.0,269.0,117.0,253.0,2013
Rhein-Pfalz-Kreis,5724.0,3.0,423.0,71.0,26.0,692.0,1174.0,279.0,402.0,174.0,117.0,455.0,627.0,350.0,139.0,319.0,120.0,353.0,2013
"Mainz-Bingen, Landkreis",9116.0,5.0,579.0,94.0,24.0,1013.0,1577.0,270.0,680.0,456.0,199.0,787.0,1335.0,524.0,283.0,522.0,239.0,529.0,2013
"Südwestpfalz, Landkreis",3637.0,1.0,380.0,45.0,13.0,513.0,827.0,104.0,364.0,94.0,58.0,243.0,289.0,159.0,108.0,195.0,65.0,179.0,2013
"Koblenz, kreisfreie Stadt",5965.0,1.0,254.0,30.0,18.0,383.0,1209.0,249.0,475.0,246.0,156.0,595.0,832.0,352.0,162.0,498.0,156.0,349.0,2014
"Ahrweiler, Landkreis",6379.0,6.0,506.0,49.0,32.0,789.0,1214.0,174.0,635.0,157.0,118.0,589.0,673.0,377.0,149.0,387.0,180.0,344.0,2014
"Altenkirchen (Westerwald), Landkreis",5569.0,0.0,621.0,63.0,37.0,679.0,1137.0,161.0,318.0,126.0,114.0,550.0,576.0,287.0,156.0,327.0,100.0,317.0,2014
"Bad Kreuznach, Landkreis",6954.0,10.0,532.0,92.0,34.0,708.0,1427.0,226.0,546.0,195.0,147.0,565.0,803.0,392.0,222.0,473.0,160.0,422.0,2014
"Birkenfeld, Landkreis",3787.0,2.0,579.0,34.0,22.0,394.0,912.0,86.0,268.0,62.0,100.0,271.0,285.0,157.0,88.0,245.0,73.0,209.0,2014
"Cochem-Zell, Landkreis",3050.0,1.0,227.0,70.0,8.0,355.0,606.0,86.0,560.0,56.0,55.0,264.0,168.0,121.0,77.0,188.0,41.0,167.0,2014
"Mayen-Koblenz, Landkreis",9424.0,31.0,844.0,150.0,37.0,1024.0,2106.0,352.0,653.0,240.0,228.0,824.0,991.0,452.0,251.0,559.0,200.0,482.0,2014
"Neuwied, Landkreis",8809.0,6.0,802.0,68.0,29.0,1280.0,1811.0,250.0,542.0,265.0,185.0,767.0,998.0,447.0,206.0,500.0,192.0,461.0,2014
Rhein-Hunsrück-Kreis,4957.0,3.0,406.0,107.0,21.0,654.0,955.0,195.0,407.0,139.0,121.0,455.0,501.0,255.0,134.0,270.0,97.0,237.0,2014
Rhein-Lahn-Kreis,5346.0,4.0,446.0,83.0,22.0,584.0,976.0,161.0,472.0,141.0,115.0,392.0,628.0,336.0,175.0,343.0,125.0,343.0,2014
Westerwaldkreis,9799.0,30.0,1083.0,117.0,36.0,1187.0,1983.0,277.0,547.0,257.0,190.0,985.0,1131.0,528.0,305.0,500.0,157.0,486.0,2014
"Trier, kreisfreie Stadt",5366.0,3.0,293.0,53.0,18.0,311.0,1272.0,143.0,456.0,143.0,127.0,562.0,697.0,256.0,138.0,437.0,111.0,346.0,2014
"Bernkastel-Wittlich, Landkreis",5216.0,9.0,487.0,106.0,21.0,586.0,1087.0,145.0,683.0,75.0,120.0,467.0,445.0,214.0,122.0,316.0,92.0,241.0,2014
Eifelkreis Bitburg-Prüm,4321.0,8.0,392.0,280.0,22.0,459.0,853.0,133.0,448.0,73.0,112.0,425.0,324.0,137.0,112.0,207.0,103.0,233.0,2014
"Vulkaneifel, Landkreis",2825.0,13.0,263.0,68.0,15.0,314.0,589.0,96.0,276.0,56.0,53.0,278.0,256.0,104.0,81.0,158.0,68.0,137.0,2014
"Trier-Saarburg, Landkreis",5281.0,10.0,440.0,83.0,30.0,704.0,986.0,162.0,531.0,102.0,147.0,537.0,477.0,237.0,150.0,297.0,107.0,281.0,2014
"Frankenthal (Pfalz), kreisfreie Stadt",1992.0,2.0,141.0,14.0,4.0,184.0,421.0,98.0,156.0,47.0,32.0,175.0,208.0,106.0,50.0,174.0,47.0,133.0,2014
"Kaiserslautern, kreisfreie Stadt",4658.0,2.0,245.0,34.0,8.0,306.0,953.0,147.0,393.0,184.0,108.0,440.0,685.0,213.0,132.0,383.0,123.0,302.0,2014
"Landau in der Pfalz, kreisfreie Stadt",2494.0,1.0,142.0,20.0,14.0,169.0,543.0,36.0,176.0,87.0,54.0,300.0,360.0,116.0,76.0,197.0,59.0,144.0,2014
"Ludwigshafen am Rhein, kreisfreie Stadt",5780.0,2.0,284.0,38.0,14.0,640.0,1075.0,277.0,530.0,180.0,102.0,445.0,665.0,379.0,164.0,487.0,121.0,377.0,2014
"Mainz, kreisfreie Stadt",10459.0,4.0,399.0,59.0,21.0,618.0,1647.0,344.0,701.0,612.0,256.0,1280.0,1750.0,619.0,271.0,766.0,401.0,711.0,2014
"Neustadt an der Weinstraße, kreisfreie Stadt",2961.0,0.0,166.0,27.0,9.0,275.0,554.0,72.0,235.0,94.0,65.0,303.0,462.0,140.0,70.0,216.0,77.0,196.0,2014
"Pirmasens, kreisfreie Stadt",2155.0,0.0,182.0,13.0,11.0,177.0,566.0,59.0,156.0,54.0,54.0,181.0,222.0,97.0,35.0,176.0,46.0,126.0,2014
"Speyer, kreisfreie Stadt",2801.0,4.0,162.0,14.0,13.0,205.0,586.0,83.0,244.0,80.0,67.0,309.0,356.0,137.0,81.0,196.0,84.0,180.0,2014
"Worms, kreisfreie Stadt",3712.0,2.0,222.0,34.0,13.0,380.0,769.0,135.0,276.0,122.0,73.0,327.0,462.0,204.0,83.0,246.0,132.0,232.0,2014
"Zweibrücken, kreisfreie Stadt",1537.0,0.0,113.0,12.0,9.0,117.0,377.0,50.0,124.0,45.0,40.0,120.0,166.0,73.0,51.0,121.0,44.0,75.0,2014
"Alzey-Worms, Landkreis",5486.0,4.0,396.0,222.0,24.0,640.0,1076.0,188.0,388.0,177.0,118.0,442.0,635.0,363.0,152.0,256.0,121.0,284.0,2014
"Bad Dürkheim, Landkreis",6247.0,1.0,413.0,76.0,25.0,661.0,1195.0,166.0,638.0,186.0,112.0,648.0,772.0,363.0,176.0,362.0,142.0,311.0,2014
Donnersbergkreis,2884.0,3.0,275.0,80.0,16.0,335.0,540.0,103.0,229.0,67.0,53.0,188.0,330.0,164.0,109.0,189.0,57.0,146.0,2014
"Germersheim, Landkreis",5194.0,15.0,386.0,66.0,39.0,580.0,1046.0,200.0,405.0,145.0,118.0,470.0,538.0,253.0,195.0,294.0,149.0,295.0,2014
"Kaiserslautern, Landkreis",4180.0,2.0,290.0,85.0,38.0,595.0,867.0,133.0,402.0,89.0,76.0,315.0,378.0,196.0,129.0,267.0,74.0,244.0,2014
"Kusel, Landkreis",2328.0,3.0,198.0,43.0,14.0,316.0,506.0,68.0,208.0,43.0,56.0,142.0,205.0,86.0,97.0,173.0,35.0,135.0,2014
"Südliche Weinstraße, Landkreis",5178.0,4.0,430.0,102.0,25.0,591.0,1013.0,109.0,591.0,141.0,143.0,471.0,482.0,257.0,161.0,275.0,120.0,263.0,2014
Rhein-Pfalz-Kreis,5858.0,4.0,410.0,74.0,33.0,731.0,1189.0,281.0,395.0,186.0,127.0,460.0,630.0,371.0,149.0,330.0,126.0,362.0,2014
"Mainz-Bingen, Landkreis",9337.0,5.0,573.0,100.0,28.0,1048.0,1565.0,267.0,702.0,453.0,204.0,830.0,1348.0,563.0,293.0,532.0,260.0,566.0,2014
"Südwestpfalz, Landkreis",3671.0,0.0,367.0,55.0,15.0,515.0,818.0,103.0,358.0,89.0,73.0,242.0,298.0,168.0,114.0,199.0,65.0,192.0,2014
"Koblenz, kreisfreie Stadt",5614.0,1.0,246.0,25.0,19.0,376.0,1213.0,258.0,470.0,247.0,156.0,267.0,831.0,339.0,151.0,506.0,156.0,353.0,2015
"Ahrweiler, Landkreis",6003.0,5.0,501.0,52.0,27.0,789.0,1198.0,177.0,633.0,165.0,121.0,202.0,683.0,376.0,149.0,393.0,195.0,337.0,2015
"Altenkirchen (Westerwald), Landkreis",5213.0,0.0,599.0,75.0,36.0,687.0,1131.0,151.0,302.0,126.0,124.0,214.0,577.0,297.0,159.0,328.0,96.0,311.0,2015
"Bad Kreuznach, Landkreis",6684.0,9.0,529.0,83.0,30.0,733.0,1431.0,234.0,560.0,196.0,156.0,241.0,828.0,400.0,217.0,470.0,146.0,421.0,2015
"Birkenfeld, Landkreis",3628.0,3.0,564.0,43.0,22.0,376.0,932.0,90.0,264.0,66.0,98.0,111.0,295.0,163.0,87.0,242.0,72.0,200.0,2015
"Cochem-Zell, Landkreis",2903.0,1.0,223.0,77.0,4.0,362.0,612.0,89.0,571.0,59.0,57.0,79.0,171.0,127.0,80.0,188.0,39.0,164.0,2015
"Mayen-Koblenz, Landkreis",8889.0,28.0,835.0,146.0,29.0,1040.0,2086.0,359.0,649.0,238.0,232.0,298.0,969.0,470.0,242.0,578.0,208.0,482.0,2015
"Neuwied, Landkreis",8313.0,5.0,776.0,90.0,29.0,1242.0,1768.0,248.0,525.0,262.0,186.0,309.0,1017.0,476.0,211.0,513.0,199.0,457.0,2015
Rhein-Hunsrück-Kreis,4690.0,3.0,399.0,114.0,18.0,651.0,973.0,182.0,404.0,125.0,112.0,192.0,517.0,274.0,134.0,267.0,95.0,230.0,2015
Rhein-Lahn-Kreis,5077.0,4.0,435.0,81.0,19.0,586.0,980.0,155.0,473.0,144.0,111.0,146.0,618.0,339.0,175.0,341.0,128.0,342.0,2015
Westerwaldkreis,9228.0,29.0,1073.0,125.0,38.0,1185.0,1993.0,271.0,561.0,279.0,202.0,357.0,1122.0,533.0,286.0,514.0,170.0,490.0,2015
"Trier, kreisfreie Stadt",5086.0,3.0,295.0,45.0,20.0,328.0,1234.0,151.0,450.0,139.0,136.0,276.0,718.0,256.0,138.0,427.0,120.0,350.0,2015
"Bernkastel-Wittlich, Landkreis",4883.0,9.0,483.0,121.0,15.0,576.0,1058.0,140.0,678.0,76.0,120.0,158.0,433.0,230.0,118.0,324.0,105.0,239.0,2015
Eifelkreis Bitburg-Prüm,4028.0,7.0,388.0,290.0,21.0,463.0,834.0,131.0,434.0,65.0,107.0,153.0,329.0,146.0,111.0,212.0,102.0,235.0,2015
"Vulkaneifel, Landkreis",2657.0,14.0,268.0,74.0,14.0,322.0,568.0,96.0,270.0,61.0,53.0,86.0,259.0,125.0,82.0,153.0,72.0,140.0,2015
"Trier-Saarburg, Landkreis",4982.0,8.0,456.0,85.0,29.0,698.0,966.0,154.0,546.0,103.0,144.0,205.0,508.0,241.0,152.0,293.0,99.0,295.0,2015
"Frankenthal (Pfalz), kreisfreie Stadt",1850.0,0.0,133.0,12.0,4.0,182.0,407.0,87.0,159.0,40.0,35.0,72.0,213.0,104.0,44.0,176.0,46.0,136.0,2015
"Kaiserslautern, kreisfreie Stadt",4480.0,2.0,232.0,38.0,8.0,319.0,981.0,147.0,399.0,184.0,108.0,210.0,674.0,220.0,128.0,395.0,124.0,311.0,2015
"Landau in der Pfalz, kreisfreie Stadt",2351.0,2.0,137.0,23.0,12.0,182.0,539.0,42.0,171.0,95.0,54.0,114.0,374.0,115.0,76.0,204.0,62.0,149.0,2015
"Ludwigshafen am Rhein, kreisfreie Stadt",5603.0,1.0,282.0,42.0,20.0,628.0,1076.0,273.0,553.0,187.0,112.0,218.0,652.0,398.0,150.0,499.0,124.0,388.0,2015
"Mainz, kreisfreie Stadt",10310.0,2.0,393.0,71.0,18.0,624.0,1647.0,351.0,714.0,638.0,256.0,978.0,1759.0,634.0,269.0,775.0,425.0,756.0,2015
"Neustadt an der Weinstraße, kreisfreie Stadt",2775.0,0.0,160.0,25.0,6.0,273.0,548.0,71.0,235.0,96.0,68.0,125.0,459.0,134.0,74.0,227.0,81.0,193.0,2015
"Pirmasens, kreisfreie Stadt",2070.0,0.0,181.0,13.0,9.0,173.0,559.0,59.0,163.0,52.0,51.0,95.0,232.0,98.0,34.0,179.0,47.0,125.0,2015
"Speyer, kreisfreie Stadt",2620.0,4.0,157.0,16.0,10.0,207.0,583.0,82.0,243.0,79.0,69.0,109.0,362.0,151.0,78.0,204.0,83.0,183.0,2015
"Worms, kreisfreie Stadt",3557.0,2.0,225.0,35.0,12.0,392.0,764.0,130.0,289.0,124.0,75.0,153.0,461.0,205.0,82.0,244.0,137.0,227.0,2015
"Zweibrücken, kreisfreie Stadt",1451.0,0.0,106.0,12.0,8.0,115.0,372.0,51.0,119.0,47.0,42.0,62.0,159.0,73.0,52.0,116.0,40.0,77.0,2015
"Alzey-Worms, Landkreis",5206.0,5.0,389.0,238.0,22.0,639.0,1054.0,181.0,393.0,172.0,115.0,168.0,645.0,359.0,152.0,260.0,124.0,290.0,2015
"Bad Dürkheim, Landkreis",5887.0,1.0,414.0,72.0,23.0,669.0,1178.0,166.0,635.0,189.0,137.0,232.0,796.0,372.0,177.0,363.0,147.0,316.0,2015
Donnersbergkreis,2777.0,4.0,279.0,81.0,17.0,324.0,543.0,104.0,220.0,68.0,63.0,70.0,330.0,164.0,108.0,194.0,59.0,149.0,2015
"Germersheim, Landkreis",4878.0,13.0,382.0,74.0,37.0,577.0,1045.0,199.0,399.0,143.0,118.0,138.0,559.0,262.0,197.0,292.0,146.0,297.0,2015
"Kaiserslautern, Landkreis",4012.0,1.0,289.0,95.0,34.0,598.0,855.0,128.0,395.0,85.0,109.0,121.0,394.0,207.0,129.0,266.0,70.0,236.0,2015
"Kusel, Landkreis",2228.0,3.0,193.0,37.0,13.0,316.0,505.0,76.0,199.0,46.0,53.0,39.0,204.0,90.0,102.0,174.0,39.0,139.0,2015
"Südliche Weinstraße, Landkreis",4831.0,4.0,420.0,116.0,21.0,583.0,1013.0,106.0,584.0,144.0,146.0,134.0,493.0,249.0,151.0,280.0,118.0,269.0,2015
Rhein-Pfalz-Kreis,5556.0,3.0,394.0,81.0,34.0,736.0,1176.0,268.0,393.0,179.0,128.0,161.0,629.0,381.0,158.0,338.0,128.0,369.0,2015
"Mainz-Bingen, Landkreis",8901.0,6.0,570.0,107.0,27.0,1039.0,1547.0,267.0,710.0,414.0,211.0,358.0,1423.0,544.0,297.0,545.0,279.0,557.0,2015
"Südwestpfalz, Landkreis",3547.0,0.0,368.0,54.0,13.0,519.0,808.0,106.0,352.0,89.0,78.0,95.0,301.0,178.0,110.0,202.0,73.0,201.0,2015
"Koblenz, kreisfreie Stadt",5586.0,1.0,246.0,30.0,22.0,372.0,1155.0,259.0,476.0,255.0,157.0,290.0,822.0,339.0,158.0,502.0,156.0,346.0,2016
"Ahrweiler, Landkreis",6127.0,7.0,487.0,59.0,28.0,803.0,1220.0,187.0,635.0,176.0,129.0,215.0,701.0,384.0,149.0,403.0,196.0,348.0,2016
"Altenkirchen (Westerwald), Landkreis",5194.0,0.0,598.0,73.0,35.0,683.0,1093.0,142.0,309.0,121.0,137.0,224.0,575.0,304.0,159.0,324.0,100.0,317.0,2016
"Bad Kreuznach, Landkreis",6715.0,8.0,524.0,85.0,25.0,740.0,1406.0,212.0,562.0,211.0,166.0,242.0,841.0,428.0,224.0,468.0,146.0,427.0,2016
"Birkenfeld, Landkreis",3647.0,3.0,557.0,44.0,23.0,370.0,950.0,82.0,263.0,62.0,98.0,111.0,301.0,170.0,90.0,244.0,74.0,205.0,2016
"Cochem-Zell, Landkreis",2904.0,1.0,213.0,72.0,6.0,351.0,618.0,84.0,563.0,66.0,56.0,82.0,180.0,135.0,78.0,198.0,42.0,159.0,2016
"Mayen-Koblenz, Landkreis",8934.0,26.0,836.0,145.0,31.0,1037.0,2055.0,365.0,661.0,226.0,240.0,322.0,983.0,487.0,246.0,574.0,211.0,489.0,2016
"Neuwied, Landkreis",8360.0,6.0,749.0,91.0,28.0,1186.0,1784.0,261.0,547.0,262.0,186.0,312.0,1031.0,512.0,212.0,525.0,209.0,459.0,2016
Rhein-Hunsrück-Kreis,4745.0,3.0,391.0,117.0,17.0,659.0,969.0,167.0,431.0,136.0,115.0,195.0,519.0,285.0,146.0,265.0,99.0,231.0,2016
Rhein-Lahn-Kreis,5084.0,4.0,418.0,79.0,22.0,570.0,986.0,145.0,476.0,145.0,109.0,148.0,626.0,346.0,170.0,352.0,143.0,345.0,2016
Westerwaldkreis,9290.0,27.0,1053.0,134.0,35.0,1201.0,1974.0,266.0,555.0,284.0,210.0,388.0,1138.0,547.0,291.0,522.0,177.0,488.0,2016
"Trier, kreisfreie Stadt",5103.0,3.0,307.0,43.0,18.0,310.0,1236.0,154.0,453.0,135.0,133.0,285.0,720.0,273.0,135.0,427.0,127.0,344.0,2016
"Bernkastel-Wittlich, Landkreis",4915.0,9.0,471.0,113.0,17.0,575.0,1052.0,148.0,688.0,72.0,120.0,164.0,438.0,250.0,121.0,318.0,109.0,250.0,2016
Eifelkreis Bitburg-Prüm,4055.0,9.0,394.0,290.0,23.0,474.0,824.0,126.0,436.0,70.0,116.0,156.0,331.0,147.0,100.0,216.0,110.0,233.0,2016
"Vulkaneifel, Landkreis",2641.0,14.0,264.0,77.0,15.0,317.0,563.0,90.0,267.0,54.0,57.0,89.0,257.0,127.0,82.0,158.0,70.0,140.0,2016
"Trier-Saarburg, Landkreis",5012.0,8.0,434.0,85.0,30.0,716.0,956.0,149.0,545.0,105.0,136.0,210.0,535.0,258.0,151.0,300.0,98.0,296.0,2016
"Frankenthal (Pfalz), kreisfreie Stadt",1871.0,0.0,134.0,12.0,4.0,198.0,414.0,88.0,158.0,39.0,36.0,83.0,216.0,97.0,46.0,168.0,40.0,138.0,2016
"Kaiserslautern, kreisfreie Stadt",4518.0,2.0,228.0,39.0,8.0,319.0,958.0,144.0,424.0,168.0,116.0,219.0,671.0,242.0,132.0,411.0,117.0,320.0,2016
"Landau in der Pfalz, kreisfreie Stadt",2375.0,2.0,136.0,20.0,13.0,183.0,523.0,40.0,187.0,94.0,58.0,117.0,379.0,117.0,76.0,219.0,63.0,148.0,2016
"Ludwigshafen am Rhein, kreisfreie Stadt",5612.0,1.0,276.0,45.0,18.0,647.0,1069.0,259.0,550.0,174.0,112.0,220.0,684.0,395.0,145.0,499.0,134.0,384.0,2016
"Mainz, kreisfreie Stadt",10334.0,3.0,381.0,67.0,20.0,636.0,1619.0,342.0,724.0,628.0,256.0,983.0,1780.0,631.0,273.0,790.0,434.0,767.0,2016
"Neustadt an der Weinstraße, kreisfreie Stadt",2784.0,0.0,154.0,26.0,5.0,281.0,539.0,69.0,247.0,95.0,71.0,122.0,462.0,135.0,77.0,228.0,76.0,197.0,2016
"Pirmasens, kreisfreie Stadt",2052.0,0.0,174.0,14.0,8.0,174.0,545.0,58.0,153.0,51.0,47.0,90.0,238.0,104.0,33.0,182.0,50.0,131.0,2016
"Speyer, kreisfreie Stadt",2614.0,4.0,154.0,18.0,10.0,212.0,588.0,77.0,240.0,73.0,69.0,104.0,353.0,146.0,83.0,206.0,91.0,186.0,2016
"Worms, kreisfreie Stadt",3522.0,1.0,217.0,36.0,13.0,399.0,731.0,128.0,292.0,116.0,76.0,150.0,444.0,213.0,78.0,250.0,141.0,237.0,2016
"Zweibrücken, kreisfreie Stadt",1465.0,1.0,109.0,17.0,8.0,110.0,372.0,46.0,116.0,50.0,41.0,59.0,166.0,82.0,53.0,123.0,39.0,73.0,2016
"Alzey-Worms, Landkreis",5229.0,6.0,391.0,234.0,22.0,653.0,1043.0,168.0,394.0,178.0,121.0,163.0,654.0,363.0,151.0,261.0,125.0,302.0,2016
"Bad Dürkheim, Landkreis",5978.0,1.0,408.0,74.0,19.0,671.0,1199.0,169.0,644.0,180.0,135.0,232.0,823.0,384.0,187.0,372.0,154.0,326.0,2016
Donnersbergkreis,2779.0,4.0,268.0,77.0,17.0,320.0,550.0,97.0,222.0,61.0,74.0,68.0,326.0,169.0,110.0,196.0,62.0,158.0,2016
"Germersheim, Landkreis",4941.0,14.0,367.0,76.0,40.0,597.0,1032.0,190.0,404.0,147.0,125.0,143.0,552.0,286.0,199.0,298.0,152.0,319.0,2016
"Kaiserslautern, Landkreis",4084.0,1.0,286.0,92.0,37.0,601.0,852.0,129.0,398.0,89.0,110.0,125.0,406.0,224.0,133.0,280.0,77.0,244.0,2016
"Kusel, Landkreis",2239.0,2.0,179.0,38.0,16.0,332.0,506.0,69.0,206.0,40.0,57.0,38.0,201.0,102.0,96.0,175.0,44.0,138.0,2016
"Südliche Weinstraße, Landkreis",4876.0,4.0,416.0,118.0,23.0,580.0,1002.0,107.0,590.0,136.0,146.0,146.0,505.0,268.0,159.0,276.0,121.0,279.0,2016
Rhein-Pfalz-Kreis,5587.0,5.0,386.0,83.0,38.0,737.0,1167.0,264.0,410.0,180.0,130.0,180.0,653.0,362.0,169.0,332.0,117.0,374.0,2016
"Mainz-Bingen, Landkreis",9046.0,5.0,555.0,120.0,31.0,1051.0,1558.0,274.0,704.0,431.0,208.0,374.0,1456.0,587.0,301.0,551.0,290.0,550.0,2016
"Südwestpfalz, Landkreis",3559.0,0.0,350.0,57.0,13.0,516.0,825.0,100.0,349.0,98.0,73.0,95.0,308.0,178.0,119.0,203.0,73.0,202.0,2016
"Koblenz, kreisfreie Stadt",5586.0,1.0,237.0,27.0,19.0,365.0,1158.0,250.0,472.0,242.0,148.0,295.0,847.0,338.0,163.0,498.0,164.0,362.0,2017
"Ahrweiler, Landkreis",6158.0,7.0,487.0,65.0,26.0,806.0,1209.0,191.0,624.0,172.0,126.0,216.0,701.0,403.0,159.0,406.0,195.0,365.0,2017
"Altenkirchen (Westerwald), Landkreis",5117.0,1.0,601.0,74.0,29.0,681.0,1064.0,139.0,297.0,121.0,138.0,218.0,560.0,297.0,161.0,323.0,102.0,311.0,2017
"Bad Kreuznach, Landkreis",6707.0,8.0,509.0,80.0,28.0,745.0,1393.0,207.0,545.0,208.0,159.0,249.0,864.0,421.0,235.0,466.0,174.0,416.0,2017
"Birkenfeld, Landkreis",3602.0,2.0,532.0,34.0,23.0,364.0,951.0,82.0,264.0,68.0,89.0,118.0,301.0,169.0,89.0,246.0,74.0,196.0,2017
"Cochem-Zell, Landkreis",2865.0,1.0,207.0,76.0,6.0,338.0,607.0,82.0,561.0,63.0,58.0,86.0,179.0,135.0,73.0,198.0,40.0,155.0,2017
"Mayen-Koblenz, Landkreis",8878.0,25.0,800.0,135.0,27.0,1049.0,1991.0,362.0,669.0,223.0,244.0,320.0,1011.0,520.0,245.0,565.0,220.0,472.0,2017
"Neuwied, Landkreis",8209.0,7.0,739.0,87.0,29.0,1100.0,1757.0,266.0,524.0,257.0,189.0,317.0,1012.0,502.0,215.0,533.0,210.0,465.0,2017
Rhein-Hunsrück-Kreis,4692.0,2.0,373.0,116.0,18.0,657.0,950.0,179.0,407.0,139.0,109.0,204.0,524.0,265.0,143.0,270.0,107.0,229.0,2017
Rhein-Lahn-Kreis,5031.0,4.0,423.0,83.0,24.0,573.0,969.0,132.0,462.0,132.0,110.0,163.0,614.0,332.0,173.0,352.0,143.0,342.0,2017
Westerwaldkreis,9153.0,26.0,1043.0,134.0,36.0,1188.0,1938.0,266.0,545.0,296.0,209.0,389.0,1105.0,524.0,295.0,523.0,171.0,465.0,2017
"Trier, kreisfreie Stadt",4861.0,3.0,255.0,42.0,16.0,283.0,1141.0,138.0,459.0,149.0,134.0,279.0,708.0,238.0,128.0,419.0,125.0,344.0,2017
"Bernkastel-Wittlich, Landkreis",4936.0,9.0,450.0,120.0,19.0,569.0,1050.0,139.0,685.0,72.0,138.0,169.0,436.0,267.0,124.0,327.0,116.0,246.0,2017
Eifelkreis Bitburg-Prüm,4059.0,8.0,393.0,262.0,22.0,466.0,840.0,123.0,416.0,75.0,137.0,156.0,338.0,154.0,100.0,218.0,117.0,234.0,2017
"Vulkaneifel, Landkreis",2624.0,11.0,257.0,75.0,14.0,320.0,558.0,84.0,266.0,54.0,67.0,82.0,250.0,127.0,79.0,161.0,74.0,145.0,2017
"Trier-Saarburg, Landkreis",5006.0,8.0,442.0,79.0,27.0,691.0,972.0,146.0,532.0,107.0,135.0,203.0,526.0,275.0,145.0,309.0,113.0,296.0,2017
"Frankenthal (Pfalz), kreisfreie Stadt",1809.0,0.0,127.0,11.0,4.0,187.0,393.0,86.0,160.0,39.0,29.0,77.0,214.0,101.0,42.0,162.0,46.0,131.0,2017
"Kaiserslautern, kreisfreie Stadt",4485.0,2.0,224.0,40.0,8.0,323.0,955.0,151.0,440.0,168.0,119.0,215.0,641.0,237.0,129.0,415.0,120.0,298.0,2017
"Landau in der Pfalz, kreisfreie Stadt",2390.0,2.0,134.0,20.0,14.0,189.0,515.0,39.0,188.0,96.0,66.0,121.0,375.0,119.0,79.0,224.0,63.0,146.0,2017
"Ludwigshafen am Rhein, kreisfreie Stadt",5591.0,1.0,266.0,45.0,16.0,674.0,1025.0,256.0,548.0,181.0,115.0,217.0,676.0,409.0,143.0,497.0,132.0,390.0,2017
"Mainz, kreisfreie Stadt",10342.0,3.0,376.0,66.0,20.0,653.0,1593.0,342.0,720.0,618.0,261.0,1005.0,1761.0,661.0,283.0,793.0,420.0,767.0,2017
"Neustadt an der Weinstraße, kreisfreie Stadt",2744.0,0.0,149.0,29.0,6.0,278.0,532.0,67.0,226.0,96.0,72.0,113.0,448.0,141.0,78.0,224.0,86.0,199.0,2017
"Pirmasens, kreisfreie Stadt",2026.0,0.0,169.0,13.0,8.0,177.0,532.0,56.0,150.0,47.0,47.0,97.0,234.0,103.0,35.0,183.0,48.0,127.0,2017
"Speyer, kreisfreie Stadt",2607.0,4.0,154.0,19.0,10.0,210.0,580.0,79.0,229.0,71.0,70.0,108.0,355.0,153.0,82.0,207.0,89.0,187.0,2017
"Worms, kreisfreie Stadt",3525.0,2.0,214.0,32.0,13.0,421.0,721.0,135.0,283.0,108.0,71.0,155.0,443.0,219.0,83.0,255.0,145.0,225.0,2017
"Zweibrücken, kreisfreie Stadt",1464.0,1.0,106.0,13.0,8.0,113.0,371.0,46.0,119.0,53.0,41.0,58.0,168.0,83.0,49.0,123.0,38.0,74.0,2017
"Alzey-Worms, Landkreis",5233.0,6.0,383.0,232.0,21.0,651.0,1032.0,166.0,388.0,191.0,115.0,165.0,646.0,379.0,151.0,271.0,133.0,303.0,2017
"Bad Dürkheim, Landkreis",6025.0,1.0,400.0,83.0,17.0,693.0,1185.0,172.0,648.0,174.0,135.0,238.0,825.0,390.0,196.0,370.0,162.0,336.0,2017
Donnersbergkreis,2788.0,3.0,267.0,75.0,18.0,327.0,558.0,90.0,235.0,62.0,70.0,70.0,321.0,178.0,106.0,192.0,57.0,159.0,2017
"Germersheim, Landkreis",4958.0,14.0,364.0,70.0,37.0,620.0,1040.0,183.0,410.0,157.0,122.0,139.0,543.0,283.0,189.0,298.0,163.0,326.0,2017
"Kaiserslautern, Landkreis",4063.0,2.0,277.0,87.0,35.0,606.0,855.0,118.0,388.0,86.0,106.0,139.0,401.0,222.0,127.0,277.0,80.0,257.0,2017
"Kusel, Landkreis",2227.0,2.0,177.0,47.0,18.0,327.0,498.0,70.0,197.0,37.0,56.0,45.0,202.0,100.0,96.0,178.0,47.0,130.0,2017
"Südliche Weinstraße, Landkreis",4839.0,3.0,421.0,116.0,24.0,581.0,977.0,106.0,581.0,139.0,133.0,146.0,500.0,264.0,159.0,281.0,127.0,281.0,2017
Rhein-Pfalz-Kreis,5558.0,6.0,377.0,82.0,35.0,735.0,1154.0,253.0,407.0,187.0,129.0,185.0,653.0,367.0,166.0,338.0,129.0,355.0,2017
"Mainz-Bingen, Landkreis",9019.0,5.0,543.0,120.0,26.0,1075.0,1571.0,283.0,710.0,401.0,209.0,372.0,1415.0,584.0,310.0,553.0,281.0,561.0,2017
"Südwestpfalz, Landkreis",3536.0,0.0,343.0,59.0,13.0,516.0,817.0,102.0,349.0,99.0,71.0,101.0,308.0,185.0,116.0,194.0,67.0,196.0,2017
"Koblenz, kreisfreie Stadt",5562.0,1.0,224.0,25.0,19.0,363.0,1132.0,248.0,479.0,251.0,133.0,301.0,864.0,337.0,165.0,489.0,168.0,363.0,2018
"Ahrweiler, Landkreis",6176.0,7.0,467.0,75.0,26.0,808.0,1184.0,186.0,644.0,183.0,125.0,237.0,691.0,409.0,167.0,407.0,199.0,361.0,2018
"Altenkirchen (Westerwald), Landkreis",5106.0,1.0,581.0,77.0,28.0,678.0,1049.0,134.0,294.0,127.0,143.0,225.0,576.0,302.0,160.0,320.0,100.0,311.0,2018
"Bad Kreuznach, Landkreis",6724.0,8.0,493.0,94.0,27.0,741.0,1391.0,196.0,547.0,212.0,160.0,265.0,870.0,440.0,226.0,455.0,175.0,424.0,2018
"Birkenfeld, Landkreis",3596.0,2.0,514.0,42.0,24.0,368.0,957.0,80.0,268.0,66.0,83.0,115.0,297.0,168.0,91.0,239.0,80.0,202.0,2018
"Cochem-Zell, Landkreis",2900.0,1.0,205.0,84.0,5.0,336.0,604.0,83.0,574.0,63.0,50.0,86.0,193.0,149.0,73.0,195.0,44.0,155.0,2018
"Mayen-Koblenz, Landkreis",8897.0,24.0,801.0,143.0,28.0,1047.0,1998.0,339.0,666.0,230.0,234.0,335.0,997.0,536.0,249.0,578.0,212.0,480.0,2018
"Neuwied, Landkreis",8170.0,8.0,718.0,97.0,29.0,1076.0,1727.0,267.0,510.0,266.0,183.0,324.0,1009.0,525.0,216.0,539.0,216.0,460.0,2018
Rhein-Hunsrück-Kreis,4710.0,2.0,370.0,111.0,18.0,661.0,932.0,182.0,414.0,135.0,105.0,208.0,541.0,271.0,144.0,277.0,112.0,227.0,2018
Rhein-Lahn-Kreis,5033.0,4.0,411.0,84.0,26.0,570.0,943.0,139.0,481.0,133.0,110.0,169.0,623.0,361.0,164.0,339.0,138.0,338.0,2018
Westerwaldkreis,9154.0,25.0,1025.0,127.0,38.0,1199.0,1925.0,262.0,531.0,307.0,206.0,393.0,1138.0,535.0,287.0,526.0,169.0,461.0,2018
"Trier, kreisfreie Stadt",4865.0,2.0,248.0,47.0,16.0,279.0,1138.0,132.0,456.0,152.0,142.0,280.0,711.0,241.0,131.0,413.0,121.0,356.0,2018
"Bernkastel-Wittlich, Landkreis",4998.0,8.0,445.0,144.0,17.0,572.0,1035.0,154.0,668.0,79.0,130.0,168.0,448.0,286.0,129.0,338.0,131.0,246.0,2018
Eifelkreis Bitburg-Prüm,4125.0,8.0,381.0,303.0,25.0,472.0,818.0,118.0,425.0,69.0,140.0,176.0,335.0,176.0,108.0,221.0,115.0,235.0,2018
"Vulkaneifel, Landkreis",2657.0,10.0,254.0,84.0,13.0,320.0,563.0,83.0,279.0,51.0,69.0,85.0,254.0,139.0,79.0,155.0,73.0,146.0,2018
"Trier-Saarburg, Landkreis",5060.0,7.0,440.0,91.0,25.0,678.0,986.0,153.0,535.0,97.0,143.0,214.0,543.0,286.0,142.0,309.0,107.0,304.0,2018
"Frankenthal (Pfalz), kreisfreie Stadt",1805.0,0.0,121.0,12.0,4.0,201.0,388.0,76.0,163.0,38.0,28.0,81.0,217.0,109.0,37.0,157.0,47.0,126.0,2018
"Kaiserslautern, kreisfreie Stadt",4539.0,2.0,225.0,42.0,8.0,305.0,952.0,158.0,449.0,184.0,110.0,225.0,668.0,249.0,133.0,412.0,120.0,297.0,2018
"Landau in der Pfalz, kreisfreie Stadt",2409.0,2.0,137.0,24.0,12.0,190.0,526.0,47.0,182.0,99.0,66.0,124.0,370.0,125.0,80.0,220.0,58.0,147.0,2018
"Ludwigshafen am Rhein, kreisfreie Stadt",5530.0,1.0,254.0,54.0,15.0,681.0,971.0,259.0,564.0,191.0,108.0,199.0,651.0,423.0,150.0,496.0,125.0,388.0,2018
"Mainz, kreisfreie Stadt",10402.0,4.0,364.0,64.0,23.0,664.0,1562.0,355.0,722.0,636.0,256.0,1006.0,1800.0,652.0,279.0,799.0,433.0,783.0,2018
"Neustadt an der Weinstraße, kreisfreie Stadt",2725.0,0.0,140.0,27.0,7.0,286.0,527.0,66.0,215.0,92.0,67.0,116.0,447.0,144.0,82.0,226.0,86.0,197.0,2018
"Pirmasens, kreisfreie Stadt",2028.0,0.0,164.0,14.0,9.0,186.0,529.0,59.0,160.0,47.0,52.0,92.0,236.0,101.0,33.0,181.0,46.0,119.0,2018
"Speyer, kreisfreie Stadt",2596.0,4.0,149.0,18.0,10.0,221.0,568.0,76.0,234.0,73.0,68.0,108.0,353.0,155.0,77.0,206.0,84.0,192.0,2018
"Worms, kreisfreie Stadt",3507.0,2.0,210.0,31.0,12.0,427.0,711.0,135.0,284.0,114.0,77.0,151.0,433.0,217.0,83.0,250.0,143.0,227.0,2018
"Zweibrücken, kreisfreie Stadt",1458.0,2.0,100.0,15.0,9.0,118.0,366.0,44.0,114.0,47.0,40.0,61.0,165.0,78.0,51.0,129.0,42.0,77.0,2018
"Alzey-Worms, Landkreis",5254.0,5.0,383.0,247.0,18.0,660.0,1021.0,172.0,371.0,185.0,118.0,169.0,631.0,406.0,159.0,280.0,130.0,299.0,2018
"Bad Dürkheim, Landkreis",5955.0,1.0,396.0,87.0,17.0,693.0,1179.0,172.0,620.0,168.0,132.0,242.0,831.0,381.0,182.0,373.0,152.0,329.0,2018
Donnersbergkreis,2787.0,4.0,260.0,103.0,16.0,325.0,547.0,90.0,228.0,59.0,58.0,84.0,319.0,183.0,111.0,188.0,62.0,150.0,2018
"Germersheim, Landkreis",4936.0,13.0,349.0,84.0,33.0,615.0,1034.0,182.0,416.0,157.0,113.0,144.0,534.0,286.0,189.0,302.0,156.0,329.0,2018
"Kaiserslautern, Landkreis",4022.0,2.0,275.0,95.0,32.0,592.0,834.0,113.0,378.0,82.0,101.0,151.0,411.0,218.0,128.0,277.0,82.0,251.0,2018
"Kusel, Landkreis",2210.0,2.0,173.0,56.0,17.0,322.0,488.0,65.0,185.0,39.0,55.0,48.0,205.0,104.0,96.0,176.0,47.0,132.0,2018
"Südliche Weinstraße, Landkreis",4779.0,2.0,407.0,134.0,27.0,575.0,962.0,105.0,556.0,127.0,127.0,156.0,507.0,252.0,153.0,289.0,134.0,266.0,2018
Rhein-Pfalz-Kreis,5584.0,6.0,374.0,85.0,38.0,778.0,1143.0,240.0,414.0,177.0,127.0,181.0,660.0,368.0,173.0,335.0,133.0,352.0,2018
"Mainz-Bingen, Landkreis",9095.0,4.0,529.0,129.0,27.0,1114.0,1548.0,278.0,716.0,427.0,218.0,360.0,1422.0,597.0,300.0,554.0,294.0,578.0,2018
"Südwestpfalz, Landkreis",3517.0,1.0,336.0,63.0,12.0,522.0,806.0,94.0,344.0,91.0,74.0,103.0,328.0,181.0,108.0,202.0,62.0,190.0,2018
"Koblenz, kreisfreie Stadt",5708.0,1.0,210.0,25.0,19.0,374.0,1117.0,253.0,490.0,263.0,145.0,346.0,857.0,346.0,168.0,533.0,187.0,374.0,2019
"Ahrweiler, Landkreis",6317.0,7.0,469.0,72.0,26.0,821.0,1216.0,186.0,645.0,200.0,142.0,247.0,699.0,436.0,172.0,405.0,206.0,368.0,2019
"Altenkirchen (Westerwald), Landkreis",5220.0,1.0,581.0,87.0,28.0,680.0,1033.0,139.0,316.0,138.0,148.0,237.0,574.0,306.0,163.0,347.0,104.0,338.0,2019
"Bad Kreuznach, Landkreis",6902.0,6.0,496.0,96.0,28.0,766.0,1392.0,201.0,568.0,205.0,174.0,314.0,879.0,436.0,217.0,482.0,195.0,447.0,2019
"Birkenfeld, Landkreis",3697.0,2.0,511.0,45.0,24.0,363.0,972.0,76.0,283.0,59.0,94.0,131.0,297.0,173.0,95.0,254.0,88.0,230.0,2019
"Cochem-Zell, Landkreis",2996.0,1.0,214.0,91.0,4.0,342.0,621.0,84.0,577.0,66.0,59.0,94.0,201.0,153.0,74.0,202.0,46.0,167.0,2019
"Mayen-Koblenz, Landkreis",9141.0,24.0,776.0,147.0,30.0,1050.0,2003.0,342.0,693.0,245.0,253.0,384.0,1020.0,548.0,257.0,621.0,230.0,518.0,2019
"Neuwied, Landkreis",8349.0,8.0,714.0,100.0,34.0,1087.0,1728.0,268.0,516.0,259.0,185.0,325.0,1028.0,550.0,222.0,590.0,235.0,500.0,2019
Rhein-Hunsrück-Kreis,4799.0,2.0,384.0,129.0,19.0,675.0,937.0,169.0,430.0,126.0,114.0,214.0,538.0,281.0,145.0,286.0,112.0,238.0,2019
Rhein-Lahn-Kreis,5157.0,4.0,419.0,94.0,25.0,581.0,912.0,144.0,480.0,134.0,125.0,177.0,642.0,372.0,166.0,380.0,153.0,349.0,2019
Westerwaldkreis,9385.0,24.0,1012.0,142.0,35.0,1209.0,1904.0,268.0,553.0,301.0,238.0,406.0,1172.0,582.0,286.0,560.0,190.0,503.0,2019
"Trier, kreisfreie Stadt",4959.0,2.0,238.0,51.0,17.0,284.0,1103.0,121.0,463.0,154.0,150.0,300.0,718.0,262.0,149.0,443.0,126.0,378.0,2019
"Bernkastel-Wittlich, Landkreis",5092.0,8.0,433.0,146.0,18.0,581.0,1022.0,160.0,689.0,84.0,140.0,177.0,477.0,297.0,126.0,352.0,131.0,251.0,2019
Eifelkreis Bitburg-Prüm,4246.0,8.0,368.0,320.0,26.0,487.0,823.0,119.0,441.0,72.0,144.0,179.0,359.0,180.0,110.0,228.0,122.0,260.0,2019
"Vulkaneifel, Landkreis",2723.0,10.0,259.0,93.0,11.0,317.0,579.0,85.0,285.0,47.0,70.0,86.0,255.0,144.0,78.0,167.0,87.0,150.0,2019
"Trier-Saarburg, Landkreis",5156.0,8.0,430.0,93.0,24.0,686.0,974.0,156.0,537.0,95.0,154.0,240.0,535.0,292.0,151.0,324.0,135.0,322.0,2019
"Frankenthal (Pfalz), kreisfreie Stadt",1889.0,0.0,115.0,12.0,3.0,207.0,397.0,75.0,168.0,41.0,36.0,89.0,225.0,112.0,44.0,172.0,53.0,140.0,2019
"Kaiserslautern, kreisfreie Stadt",4656.0,2.0,211.0,47.0,8.0,306.0,956.0,153.0,460.0,187.0,112.0,283.0,673.0,253.0,133.0,425.0,127.0,320.0,2019
"Landau in der Pfalz, kreisfreie Stadt",2516.0,2.0,138.0,29.0,14.0,203.0,520.0,54.0,186.0,95.0,67.0,128.0,389.0,147.0,82.0,229.0,64.0,169.0,2019
"Ludwigshafen am Rhein, kreisfreie Stadt",5744.0,3.0,254.0,52.0,14.0,701.0,981.0,249.0,597.0,194.0,113.0,239.0,661.0,440.0,164.0,520.0,149.0,413.0,2019
"Mainz, kreisfreie Stadt",10526.0,3.0,358.0,75.0,22.0,663.0,1570.0,353.0,744.0,622.0,282.0,937.0,1802.0,674.0,291.0,848.0,454.0,828.0,2019
"Neustadt an der Weinstraße, kreisfreie Stadt",2818.0,0.0,153.0,29.0,8.0,288.0,530.0,72.0,226.0,96.0,70.0,133.0,460.0,151.0,76.0,230.0,89.0,207.0,2019
"Pirmasens, kreisfreie Stadt",2083.0,0.0,148.0,17.0,9.0,194.0,531.0,59.0,163.0,47.0,62.0,115.0,228.0,105.0,35.0,188.0,50.0,132.0,2019
"Speyer, kreisfreie Stadt",2656.0,4.0,149.0,17.0,9.0,216.0,561.0,75.0,243.0,70.0,77.0,140.0,352.0,160.0,79.0,216.0,84.0,204.0,2019
"Worms, kreisfreie Stadt",3578.0,3.0,206.0,34.0,13.0,435.0,696.0,136.0,297.0,117.0,83.0,152.0,432.0,224.0,88.0,264.0,147.0,251.0,2019
"Zweibrücken, kreisfreie Stadt",1506.0,2.0,98.0,16.0,9.0,124.0,374.0,45.0,118.0,55.0,40.0,67.0,162.0,81.0,49.0,135.0,44.0,87.0,2019
"Alzey-Worms, Landkreis",5452.0,5.0,380.0,242.0,20.0,678.0,1017.0,183.0,403.0,191.0,117.0,181.0,648.0,435.0,166.0,299.0,141.0,346.0,2019
"Bad Dürkheim, Landkreis",6146.0,1.0,397.0,91.0,16.0,701.0,1187.0,173.0,646.0,173.0,148.0,263.0,851.0,390.0,180.0,412.0,167.0,350.0,2019
Donnersbergkreis,2936.0,2.0,253.0,114.0,15.0,356.0,534.0,94.0,227.0,66.0,68.0,113.0,313.0,205.0,105.0,224.0,75.0,172.0,2019
"Germersheim, Landkreis",5060.0,14.0,356.0,86.0,33.0,623.0,1021.0,188.0,441.0,157.0,127.0,150.0,538.0,308.0,197.0,322.0,158.0,341.0,2019
"Kaiserslautern, Landkreis",4193.0,1.0,274.0,109.0,35.0,609.0,842.0,129.0,390.0,92.0,113.0,179.0,403.0,224.0,134.0,300.0,84.0,275.0,2019
"Kusel, Landkreis",2307.0,2.0,178.0,60.0,17.0,310.0,495.0,65.0,179.0,41.0,58.0,67.0,216.0,118.0,93.0,196.0,62.0,150.0,2019
"Südliche Weinstraße, Landkreis",4888.0,1.0,409.0,128.0,27.0,574.0,967.0,105.0,565.0,130.0,139.0,156.0,525.0,272.0,166.0,306.0,132.0,286.0,2019
Rhein-Pfalz-Kreis,5779.0,6.0,373.0,90.0,39.0,832.0,1151.0,235.0,401.0,200.0,140.0,225.0,664.0,383.0,170.0,363.0,147.0,360.0,2019
"Mainz-Bingen, Landkreis",9239.0,4.0,522.0,135.0,31.0,1135.0,1534.0,277.0,703.0,422.0,234.0,377.0,1445.0,628.0,294.0,598.0,302.0,598.0,2019
"Südwestpfalz, Landkreis",3592.0,1.0,321.0,62.0,13.0,498.0,823.0,92.0,349.0,97.0,81.0,114.0,332.0,201.0,107.0,219.0,79.0,203.0,2019
"Koblenz, kreisfreie Stadt",5462.0,1.0,204.0,22.0,19.0,374.0,1078.0,251.0,443.0,266.0,143.0,335.0,814.0,319.0,160.0,522.0,164.0,347.0,2020
"Ahrweiler, Landkreis",6035.0,7.0,454.0,66.0,26.0,849.0,1143.0,182.0,588.0,194.0,122.0,247.0,672.0,422.0,163.0,411.0,172.0,317.0,2020
"Altenkirchen (Westerwald), Landkreis",4983.0,1.0,566.0,82.0,30.0,674.0,1008.0,138.0,273.0,136.0,147.0,246.0,521.0,292.0,151.0,328.0,93.0,297.0,2020
"Bad Kreuznach, Landkreis",6519.0,5.0,476.0,83.0,27.0,737.0,1318.0,204.0,505.0,192.0,181.0,296.0,820.0,418.0,216.0,474.0,161.0,406.0,2020
"Birkenfeld, Landkreis",3496.0,3.0,482.0,38.0,24.0,365.0,930.0,70.0,250.0,62.0,83.0,128.0,280.0,166.0,85.0,249.0,71.0,210.0,2020
"Cochem-Zell, Landkreis",2850.0,1.0,209.0,81.0,5.0,349.0,600.0,85.0,523.0,62.0,58.0,91.0,194.0,137.0,70.0,202.0,40.0,143.0,2020
"Mayen-Koblenz, Landkreis",8794.0,25.0,753.0,125.0,32.0,1037.0,1921.0,339.0,606.0,241.0,253.0,388.0,994.0,540.0,251.0,624.0,190.0,475.0,2020
"Neuwied, Landkreis",8039.0,8.0,677.0,94.0,34.0,1102.0,1662.0,263.0,480.0,250.0,190.0,340.0,970.0,531.0,218.0,584.0,204.0,432.0,2020
Rhein-Hunsrück-Kreis,4568.0,2.0,362.0,95.0,19.0,666.0,907.0,165.0,386.0,122.0,115.0,216.0,514.0,273.0,140.0,282.0,83.0,221.0,2020
Rhein-Lahn-Kreis,4928.0,4.0,391.0,73.0,23.0,594.0,890.0,142.0,437.0,139.0,123.0,173.0,591.0,364.0,156.0,372.0,130.0,326.0,2020
Westerwaldkreis,9086.0,19.0,970.0,126.0,37.0,1202.0,1885.0,259.0,499.0,291.0,241.0,412.0,1124.0,560.0,269.0,552.0,167.0,473.0,2020
"Trier, kreisfreie Stadt",4717.0,2.0,230.0,49.0,17.0,280.0,1039.0,108.0,446.0,149.0,152.0,307.0,671.0,240.0,131.0,428.0,112.0,356.0,2020
"Bernkastel-Wittlich, Landkreis",4821.0,8.0,422.0,125.0,19.0,559.0,952.0,159.0,626.0,85.0,134.0,178.0,456.0,298.0,114.0,344.0,102.0,240.0,2020
Eifelkreis Bitburg-Prüm,3961.0,7.0,341.0,263.0,25.0,488.0,767.0,114.0,378.0,71.0,143.0,186.0,348.0,177.0,107.0,222.0,96.0,228.0,2020
"Vulkaneifel, Landkreis",2605.0,10.0,252.0,71.0,11.0,319.0,559.0,78.0,269.0,51.0,67.0,93.0,248.0,132.0,75.0,161.0,74.0,135.0,2020
"Trier-Saarburg, Landkreis",4908.0,8.0,421.0,87.0,24.0,693.0,926.0,149.0,493.0,96.0,156.0,244.0,500.0,264.0,148.0,321.0,105.0,273.0,2020
"Frankenthal (Pfalz), kreisfreie Stadt",1784.0,0.0,108.0,13.0,3.0,209.0,372.0,70.0,156.0,36.0,30.0,86.0,211.0,108.0,44.0,173.0,45.0,120.0,2020
"Kaiserslautern, kreisfreie Stadt",4391.0,2.0,197.0,41.0,8.0,290.0,900.0,135.0,411.0,185.0,113.0,277.0,631.0,238.0,125.0,424.0,116.0,298.0,2020
"Landau in der Pfalz, kreisfreie Stadt",2419.0,2.0,132.0,25.0,14.0,207.0,506.0,44.0,169.0,94.0,63.0,120.0,378.0,152.0,82.0,225.0,58.0,148.0,2020
"Ludwigshafen am Rhein, kreisfreie Stadt",5416.0,2.0,240.0,40.0,13.0,688.0,913.0,248.0,520.0,196.0,120.0,233.0,599.0,449.0,159.0,510.0,128.0,358.0,2020
"Mainz, kreisfreie Stadt",10044.0,2.0,343.0,61.0,20.0,646.0,1524.0,336.0,677.0,618.0,269.0,940.0,1688.0,638.0,270.0,842.0,390.0,780.0,2020
"Neustadt an der Weinstraße, kreisfreie Stadt",2681.0,0.0,150.0,22.0,6.0,272.0,508.0,71.0,210.0,90.0,66.0,131.0,422.0,157.0,81.0,225.0,79.0,191.0,2020
"Pirmasens, kreisfreie Stadt",1985.0,0.0,150.0,13.0,9.0,187.0,507.0,58.0,144.0,42.0,60.0,114.0,211.0,107.0,30.0,187.0,43.0,123.0,2020
"Speyer, kreisfreie Stadt",2544.0,4.0,137.0,17.0,7.0,230.0,521.0,76.0,219.0,74.0,77.0,140.0,331.0,155.0,77.0,222.0,75.0,182.0,2020
"Worms, kreisfreie Stadt",3430.0,3.0,201.0,30.0,13.0,430.0,668.0,145.0,266.0,111.0,80.0,155.0,412.0,227.0,77.0,256.0,119.0,237.0,2020
"Zweibrücken, kreisfreie Stadt",1454.0,1.0,93.0,12.0,8.0,130.0,382.0,47.0,117.0,41.0,38.0,67.0,143.0,75.0,43.0,131.0,40.0,86.0,2020
"Alzey-Worms, Landkreis",5171.0,5.0,355.0,204.0,21.0,678.0,986.0,175.0,326.0,177.0,118.0,179.0,608.0,430.0,162.0,306.0,112.0,329.0,2020
"Bad Dürkheim, Landkreis",5797.0,1.0,383.0,72.0,17.0,697.0,1130.0,162.0,555.0,149.0,154.0,272.0,797.0,365.0,166.0,408.0,143.0,326.0,2020
Donnersbergkreis,2739.0,3.0,245.0,96.0,14.0,326.0,504.0,83.0,191.0,68.0,68.0,108.0,302.0,200.0,100.0,215.0,61.0,155.0,2020
"Germersheim, Landkreis",4811.0,13.0,340.0,72.0,34.0,617.0,960.0,170.0,392.0,156.0,128.0,155.0,517.0,308.0,183.0,332.0,125.0,309.0,2020
"Kaiserslautern, Landkreis",3971.0,1.0,265.0,89.0,36.0,609.0,796.0,124.0,335.0,83.0,113.0,180.0,377.0,228.0,134.0,294.0,62.0,245.0,2020
"Kusel, Landkreis",2142.0,5.0,159.0,46.0,16.0,300.0,480.0,63.0,148.0,37.0,54.0,65.0,190.0,111.0,88.0,197.0,44.0,139.0,2020
"Südliche Weinstraße, Landkreis",4622.0,2.0,382.0,104.0,26.0,580.0,915.0,107.0,515.0,118.0,143.0,158.0,496.0,265.0,162.0,294.0,105.0,250.0,2020
Rhein-Pfalz-Kreis,5435.0,6.0,361.0,82.0,36.0,808.0,1082.0,230.0,351.0,182.0,143.0,223.0,618.0,369.0,161.0,353.0,124.0,306.0,2020
"Mainz-Bingen, Landkreis",8751.0,5.0,489.0,115.0,28.0,1129.0,1499.0,268.0,641.0,387.0,223.0,367.0,1311.0,624.0,283.0,591.0,252.0,539.0,2020
"Südwestpfalz, Landkreis",3382.0,1.0,309.0,58.0,14.0,500.0,761.0,86.0,292.0,87.0,79.0,114.0,324.0,201.0,102.0,214.0,62.0,178.0,2020
"Koblenz, kreisfreie Stadt",5523.0,1.0,205.0,24.0,20.0,374.0,1054.0,252.0,410.0,258.0,143.0,379.0,861.0,305.0,163.0,567.0,157.0,350.0,2021
"Ahrweiler, Landkreis",5920.0,8.0,446.0,67.0,23.0,840.0,1120.0,184.0,522.0,194.0,122.0,264.0,682.0,420.0,158.0,431.0,162.0,277.0,2021
"Altenkirchen (Westerwald), Landkreis",5013.0,1.0,562.0,86.0,30.0,688.0,982.0,129.0,263.0,138.0,141.0,284.0,534.0,312.0,156.0,344.0,86.0,277.0,2021
"Bad Kreuznach, Landkreis",6510.0,5.0,464.0,80.0,26.0,739.0,1302.0,192.0,489.0,185.0,171.0,325.0,823.0,421.0,228.0,513.0,151.0,396.0,2021
"Birkenfeld, Landkreis",3456.0,3.0,468.0,38.0,22.0,357.0,896.0,72.0,240.0,65.0,84.0,137.0,294.0,166.0,83.0,265.0,67.0,199.0,2021
"Cochem-Zell, Landkreis",2821.0,1.0,203.0,87.0,5.0,338.0,589.0,85.0,512.0,56.0,57.0,96.0,188.0,134.0,77.0,209.0,40.0,144.0,2021
"Mayen-Koblenz, Landkreis",8775.0,24.0,738.0,126.0,34.0,1044.0,1877.0,317.0,585.0,258.0,230.0,431.0,1005.0,550.0,249.0,663.0,187.0,457.0,2021
"Neuwied, Landkreis",8007.0,7.0,660.0,101.0,34.0,1071.0,1611.0,251.0,439.0,255.0,180.0,391.0,1009.0,544.0,218.0,608.0,187.0,441.0,2021
Rhein-Hunsrück-Kreis,4568.0,3.0,357.0,101.0,19.0,679.0,894.0,162.0,359.0,117.0,114.0,229.0,519.0,283.0,132.0,301.0,83.0,216.0,2021
Rhein-Lahn-Kreis,4857.0,4.0,372.0,82.0,20.0,577.0,866.0,143.0,406.0,142.0,114.0,202.0,572.0,377.0,155.0,383.0,123.0,319.0,2021
Westerwaldkreis,9075.0,17.0,943.0,124.0,37.0,1226.0,1887.0,260.0,456.0,293.0,230.0,450.0,1114.0,596.0,267.0,569.0,170.0,436.0,2021
"Trier, kreisfreie Stadt",4756.0,2.0,223.0,51.0,19.0,288.0,1019.0,112.0,424.0,154.0,147.0,335.0,683.0,231.0,128.0,474.0,106.0,360.0,2021
"Bernkastel-Wittlich, Landkreis",4856.0,8.0,423.0,137.0,19.0,566.0,950.0,150.0,603.0,88.0,138.0,219.0,453.0,302.0,119.0,352.0,98.0,231.0,2021
Eifelkreis Bitburg-Prüm,3950.0,8.0,336.0,263.0,22.0,478.0,768.0,114.0,366.0,77.0,129.0,208.0,344.0,191.0,107.0,240.0,84.0,215.0,2021
"Vulkaneifel, Landkreis",2630.0,9.0,244.0,86.0,11.0,329.0,550.0,76.0,258.0,51.0,64.0,101.0,259.0,147.0,75.0,173.0,67.0,130.0,2021
"Trier-Saarburg, Landkreis",4922.0,8.0,400.0,100.0,25.0,687.0,928.0,139.0,459.0,103.0,154.0,263.0,512.0,284.0,146.0,345.0,92.0,277.0,2021
"Frankenthal (Pfalz), kreisfreie Stadt",1792.0,0.0,103.0,12.0,2.0,219.0,374.0,69.0,136.0,36.0,31.0,103.0,219.0,116.0,46.0,171.0,39.0,116.0,2021
"Kaiserslautern, kreisfreie Stadt",4393.0,2.0,191.0,41.0,8.0,305.0,893.0,145.0,393.0,181.0,113.0,302.0,637.0,227.0,120.0,436.0,108.0,291.0,2021
"Landau in der Pfalz, kreisfreie Stadt",2436.0,3.0,127.0,31.0,12.0,200.0,500.0,46.0,158.0,97.0,65.0,159.0,372.0,151.0,73.0,242.0,55.0,145.0,2021
"Ludwigshafen am Rhein, kreisfreie Stadt",5507.0,1.0,234.0,35.0,12.0,698.0,909.0,252.0,471.0,196.0,125.0,314.0,580.0,458.0,155.0,579.0,131.0,357.0,2021
"Mainz, kreisfreie Stadt",10187.0,2.0,335.0,69.0,22.0,655.0,1506.0,311.0,665.0,605.0,250.0,1023.0,1728.0,634.0,265.0,978.0,383.0,756.0,2021
"Neustadt an der Weinstraße, kreisfreie Stadt",2683.0,0.0,146.0,25.0,6.0,279.0,510.0,67.0,200.0,88.0,64.0,148.0,415.0,165.0,79.0,232.0,76.0,183.0,2021
"Pirmasens, kreisfreie Stadt",1941.0,0.0,144.0,15.0,9.0,185.0,499.0,56.0,134.0,43.0,56.0,113.0,215.0,98.0,30.0,191.0,39.0,114.0,2021
"Speyer, kreisfreie Stadt",2545.0,4.0,130.0,16.0,8.0,225.0,523.0,81.0,209.0,81.0,76.0,151.0,331.0,144.0,76.0,244.0,79.0,167.0,2021
"Worms, kreisfreie Stadt",3438.0,3.0,189.0,33.0,14.0,429.0,671.0,145.0,263.0,110.0,81.0,192.0,402.0,221.0,74.0,266.0,111.0,234.0,2021
"Zweibrücken, kreisfreie Stadt",1460.0,1.0,96.0,11.0,9.0,132.0,365.0,47.0,113.0,44.0,37.0,78.0,151.0,79.0,46.0,141.0,35.0,75.0,2021
"Alzey-Worms, Landkreis",5215.0,4.0,355.0,203.0,21.0,673.0,982.0,180.0,314.0,179.0,123.0,214.0,620.0,451.0,162.0,319.0,109.0,306.0,2021
"Bad Dürkheim, Landkreis",5839.0,1.0,379.0,72.0,16.0,689.0,1125.0,158.0,528.0,158.0,144.0,317.0,795.0,371.0,177.0,444.0,146.0,319.0,2021
Donnersbergkreis,2796.0,1.0,247.0,91.0,13.0,323.0,527.0,87.0,183.0,65.0,68.0,140.0,293.0,201.0,111.0,224.0,63.0,159.0,2021
"Germersheim, Landkreis",4798.0,13.0,329.0,72.0,34.0,602.0,960.0,177.0,357.0,156.0,117.0,223.0,510.0,317.0,184.0,340.0,121.0,286.0,2021
"Kaiserslautern, Landkreis",4004.0,1.0,265.0,97.0,34.0,613.0,806.0,126.0,315.0,83.0,105.0,193.0,377.0,243.0,137.0,312.0,58.0,239.0,2021
"Kusel, Landkreis",2154.0,4.0,155.0,49.0,17.0,291.0,477.0,63.0,143.0,37.0,53.0,73.0,193.0,121.0,82.0,214.0,45.0,137.0,2021
"Südliche Weinstraße, Landkreis",4663.0,2.0,384.0,113.0,24.0,584.0,914.0,99.0,487.0,119.0,137.0,197.0,508.0,279.0,163.0,313.0,103.0,237.0,2021
Rhein-Pfalz-Kreis,5450.0,5.0,356.0,79.0,37.0,809.0,1074.0,236.0,327.0,174.0,149.0,265.0,626.0,393.0,152.0,366.0,117.0,285.0,2021
"Mainz-Bingen, Landkreis",8810.0,5.0,481.0,117.0,27.0,1128.0,1483.0,247.0,604.0,382.0,230.0,435.0,1338.0,634.0,286.0,643.0,248.0,522.0,2021
"Südwestpfalz, Landkreis",3374.0,2.0,314.0,63.0,14.0,494.0,735.0,84.0,277.0,90.0,74.0,121.0,329.0,215.0,104.0,222.0,55.0,181.0,2021
